model,imputer,repeat,fold,accuracy,precision,recall,f1,roc_auc,average_precision
logistic_regression,mean,0,0,0.7419354838709677,0.65,0.5909090909090909,0.6190476190476191,0.8545454545454546,0.7749755850617286
logistic_regression,mean,0,1,0.8064516129032258,0.6923076923076923,0.8181818181818182,0.75,0.8886363636363637,0.8390831570832029
logistic_regression,mean,0,2,0.7580645161290323,0.6521739130434783,0.6818181818181818,0.6666666666666666,0.865909090909091,0.7708962790981845
logistic_regression,mean,0,3,0.6935483870967742,0.5517241379310345,0.7272727272727273,0.6274509803921569,0.7897727272727273,0.596482551908935
logistic_regression,mean,0,4,0.8032786885245902,0.7142857142857143,0.7142857142857143,0.7142857142857143,0.8738095238095238,0.8181409760172267
logistic_regression,mean,0,5,0.7704918032786885,0.6666666666666666,0.6666666666666666,0.6666666666666666,0.8392857142857142,0.8221168454242174
logistic_regression,mean,0,6,0.7704918032786885,0.6521739130434783,0.7142857142857143,0.6818181818181818,0.8321428571428572,0.7293928501491989
logistic_regression,mean,0,7,0.7540983606557377,0.6363636363636364,0.6666666666666666,0.6511627906976745,0.8571428571428571,0.7852097923216383
logistic_regression,mean,0,8,0.8032786885245902,0.68,0.8095238095238095,0.7391304347826086,0.8654761904761904,0.7671861069559724
logistic_regression,mean,0,9,0.7213114754098361,0.5833333333333334,0.6666666666666666,0.6222222222222222,0.7892857142857143,0.6738888634279285
logistic_regression,mean,1,0,0.7580645161290323,0.6666666666666666,0.6363636363636364,0.6511627906976745,0.8375,0.7731607339980744
logistic_regression,mean,1,1,0.6774193548387096,0.5294117647058824,0.8181818181818182,0.6428571428571429,0.8443181818181819,0.7251569574430535
logistic_regression,mean,1,2,0.7580645161290323,0.6842105263157895,0.5909090909090909,0.6341463414634146,0.8636363636363636,0.7838905007434305
logistic_regression,mean,1,3,0.7419354838709677,0.6071428571428571,0.7727272727272727,0.68,0.8329545454545455,0.6572040875570898
logistic_regression,mean,1,4,0.7868852459016393,0.75,0.5714285714285714,0.6486486486486487,0.8845238095238095,0.7852048301606982
logistic_regression,mean,1,5,0.8360655737704918,0.8666666666666667,0.6190476190476191,0.7222222222222222,0.8630952380952381,0.7832358458859023
logistic_regression,mean,1,6,0.6721311475409836,0.5172413793103449,0.7142857142857143,0.6,0.7845238095238095,0.7074988833917408
logistic_regression,mean,1,7,0.6885245901639344,0.5333333333333333,0.7619047619047619,0.6274509803921569,0.8226190476190476,0.6948560703229905
logistic_regression,mean,1,8,0.819672131147541,0.75,0.7142857142857143,0.7317073170731707,0.8785714285714286,0.8587898089707087
logistic_regression,mean,1,9,0.8360655737704918,0.7391304347826086,0.8095238095238095,0.7727272727272727,0.8845238095238095,0.8476256397613526
logistic_regression,mean,2,0,0.8548387096774194,0.8421052631578947,0.7272727272727273,0.7804878048780488,0.8647727272727272,0.8243848217954606
logistic_regression,mean,2,1,0.8225806451612904,0.7619047619047619,0.7272727272727273,0.7441860465116279,0.9034090909090908,0.8409752727530722
logistic_regression,mean,2,2,0.6774193548387096,0.5416666666666666,0.5909090909090909,0.5652173913043478,0.7693181818181818,0.6023595498427177
logistic_regression,mean,2,3,0.7903225806451613,0.6956521739130435,0.7272727272727273,0.7111111111111111,0.8886363636363637,0.8559768778644921
logistic_regression,mean,2,4,0.7540983606557377,0.6153846153846154,0.7619047619047619,0.6808510638297872,0.8476190476190476,0.8131317214316416
logistic_regression,mean,2,5,0.7868852459016393,0.7,0.6666666666666666,0.6829268292682927,0.8726190476190476,0.7482730167562274
logistic_regression,mean,2,6,0.7213114754098361,0.5769230769230769,0.7142857142857143,0.6382978723404256,0.8321428571428572,0.7388334622593271
logistic_regression,mean,2,7,0.7540983606557377,0.625,0.7142857142857143,0.6666666666666666,0.8369047619047619,0.7731639077128607
logistic_regression,mean,2,8,0.7540983606557377,0.6071428571428571,0.8095238095238095,0.6938775510204082,0.8261904761904763,0.6314858525740467
logistic_regression,mean,2,9,0.6721311475409836,0.5217391304347826,0.5714285714285714,0.5454545454545454,0.7595238095238095,0.6356434813266313
logistic_regression,mean,3,0,0.7903225806451613,0.6956521739130435,0.7272727272727273,0.7111111111111111,0.8329545454545455,0.7996398674017597
logistic_regression,mean,3,1,0.8709677419354839,0.7916666666666666,0.8636363636363636,0.8260869565217391,0.9261363636363636,0.9159923545415289
logistic_regression,mean,3,2,0.6935483870967742,0.5882352941176471,0.45454545454545453,0.5128205128205128,0.7738636363636363,0.6893034858585947
logistic_regression,mean,3,3,0.7419354838709677,0.625,0.6818181818181818,0.6521739130434783,0.8772727272727272,0.813492053396772
logistic_regression,mean,3,4,0.819672131147541,0.7083333333333334,0.8095238095238095,0.7555555555555555,0.9023809523809524,0.8381681885661665
logistic_regression,mean,3,5,0.7377049180327869,0.6086956521739131,0.6666666666666666,0.6363636363636364,0.8369047619047619,0.745658539428258
logistic_regression,mean,3,6,0.7213114754098361,0.5909090909090909,0.6190476190476191,0.6046511627906976,0.7488095238095238,0.5512664516589771
logistic_regression,mean,3,7,0.6885245901639344,0.5384615384615384,0.6666666666666666,0.5957446808510638,0.8035714285714286,0.74739803753144
logistic_regression,mean,3,8,0.8360655737704918,0.7037037037037037,0.9047619047619048,0.7916666666666666,0.9035714285714286,0.7789746299930809
logistic_regression,mean,3,9,0.6721311475409836,0.52,0.6190476190476191,0.5652173913043478,0.780952380952381,0.6076202727043064
logistic_regression,mean,4,0,0.7903225806451613,0.7142857142857143,0.6818181818181818,0.6976744186046512,0.8488636363636364,0.7759414669210523
logistic_regression,mean,4,1,0.7741935483870968,0.6666666666666666,0.7272727272727273,0.6956521739130435,0.8659090909090909,0.8427334692584778
logistic_regression,mean,4,2,0.6935483870967742,0.5517241379310345,0.7272727272727273,0.6274509803921569,0.790909090909091,0.742451663930604
logistic_regression,mean,4,3,0.8225806451612904,0.7619047619047619,0.7272727272727273,0.7441860465116279,0.9034090909090908,0.8383335826917417
logistic_regression,mean,4,4,0.7868852459016393,0.6666666666666666,0.7619047619047619,0.7111111111111111,0.9071428571428571,0.8573491797651465
logistic_regression,mean,4,5,0.819672131147541,0.75,0.7142857142857143,0.7317073170731707,0.8714285714285714,0.682381856142396
logistic_regression,mean,4,6,0.7704918032786885,0.6666666666666666,0.6666666666666666,0.6666666666666666,0.8107142857142857,0.6884947233998215
logistic_regression,mean,4,7,0.8032786885245902,0.7142857142857143,0.7142857142857143,0.7142857142857143,0.875,0.6873853472331285
logistic_regression,mean,4,8,0.7049180327868853,0.5652173913043478,0.6190476190476191,0.5909090909090909,0.8142857142857143,0.7569548614785446
logistic_regression,mean,4,9,0.6557377049180327,0.5,0.6666666666666666,0.5714285714285714,0.7749999999999999,0.6807178781497101
logistic_regression,median,0,0,0.7419354838709677,0.65,0.5909090909090909,0.6190476190476191,0.8556818181818182,0.7738269018442421
logistic_regression,median,0,1,0.8064516129032258,0.6923076923076923,0.8181818181818182,0.75,0.8886363636363637,0.8386574604887755
logistic_regression,median,0,2,0.7580645161290323,0.6521739130434783,0.6818181818181818,0.6666666666666666,0.8647727272727272,0.7695477068289114
logistic_regression,median,0,3,0.7096774193548387,0.5714285714285714,0.7272727272727273,0.64,0.7886363636363636,0.5952978734921137
logistic_regression,median,0,4,0.7868852459016393,0.6818181818181818,0.7142857142857143,0.6976744186046512,0.875,0.8234340163102669
logistic_regression,median,0,5,0.7704918032786885,0.6666666666666666,0.6666666666666666,0.6666666666666666,0.8392857142857142,0.8221168454242174
logistic_regression,median,0,6,0.7704918032786885,0.6521739130434783,0.7142857142857143,0.6818181818181818,0.8309523809523809,0.7248546742457747
logistic_regression,median,0,7,0.7704918032786885,0.6521739130434783,0.7142857142857143,0.6818181818181818,0.8595238095238095,0.7895321366439827
logistic_regression,median,0,8,0.8032786885245902,0.68,0.8095238095238095,0.7391304347826086,0.863095238095238,0.7646629070643516
logistic_regression,median,0,9,0.7213114754098361,0.5833333333333334,0.6666666666666666,0.6222222222222222,0.7833333333333333,0.6671015642531124
logistic_regression,median,1,0,0.7741935483870968,0.6818181818181818,0.6818181818181818,0.6818181818181818,0.8363636363636363,0.7724753083126485
logistic_regression,median,1,1,0.6774193548387096,0.5294117647058824,0.8181818181818182,0.6428571428571429,0.8443181818181819,0.7229238247221159
logistic_regression,median,1,2,0.7741935483870968,0.7222222222222222,0.5909090909090909,0.65,0.8636363636363638,0.7832123780531126
logistic_regression,median,1,3,0.7580645161290323,0.6296296296296297,0.7727272727272727,0.6938775510204082,0.8329545454545455,0.6572040875570898
logistic_regression,median,1,4,0.7704918032786885,0.7058823529411765,0.5714285714285714,0.631578947368421,0.8833333333333333,0.7843029542588222
logistic_regression,median,1,5,0.819672131147541,0.8571428571428571,0.5714285714285714,0.6857142857142857,0.8607142857142858,0.7796778640127031
logistic_regression,median,1,6,0.6721311475409836,0.5172413793103449,0.7142857142857143,0.6,0.786904761904762,0.7104974753016231
logistic_regression,median,1,7,0.6721311475409836,0.5161290322580645,0.7619047619047619,0.6153846153846154,0.8202380952380952,0.6923377424176658
logistic_regression,median,1,8,0.819672131147541,0.75,0.7142857142857143,0.7317073170731707,0.8821428571428571,0.8608295574272233
logistic_regression,median,1,9,0.819672131147541,0.7083333333333334,0.8095238095238095,0.7555555555555555,0.8845238095238095,0.8476256397613526
logistic_regression,median,2,0,0.8387096774193549,0.8333333333333334,0.6818181818181818,0.75,0.8590909090909091,0.816572677799106
logistic_regression,median,2,1,0.8225806451612904,0.7619047619047619,0.7272727272727273,0.7441860465116279,0.9045454545454545,0.8421454698017521
logistic_regression,median,2,2,0.6774193548387096,0.5416666666666666,0.5909090909090909,0.5652173913043478,0.7659090909090909,0.5947509967796192
logistic_regression,median,2,3,0.7903225806451613,0.6956521739130435,0.7272727272727273,0.7111111111111111,0.8886363636363637,0.8559768778644921
logistic_regression,median,2,4,0.7540983606557377,0.6153846153846154,0.7619047619047619,0.6808510638297872,0.8476190476190476,0.8131317214316416
logistic_regression,median,2,5,0.7868852459016393,0.7,0.6666666666666666,0.6829268292682927,0.8714285714285714,0.7472760662518877
logistic_regression,median,2,6,0.7213114754098361,0.5769230769230769,0.7142857142857143,0.6382978723404256,0.8285714285714285,0.7284324551807659
logistic_regression,median,2,7,0.7540983606557377,0.625,0.7142857142857143,0.6666666666666666,0.8345238095238094,0.7563178530516799
logistic_regression,median,2,8,0.7377049180327869,0.5862068965517241,0.8095238095238095,0.68,0.8273809523809524,0.6345161556043496
logistic_regression,median,2,9,0.6557377049180327,0.5,0.5714285714285714,0.5333333333333333,0.7595238095238095,0.637580853011902
logistic_regression,median,3,0,0.7903225806451613,0.6956521739130435,0.7272727272727273,0.7111111111111111,0.8306818181818181,0.7983421411040335
logistic_regression,median,3,1,0.8709677419354839,0.7916666666666666,0.8636363636363636,0.8260869565217391,0.9261363636363636,0.9143634898294999
logistic_regression,median,3,2,0.6935483870967742,0.5882352941176471,0.45454545454545453,0.5128205128205128,0.7784090909090908,0.6951400093080111
logistic_regression,median,3,3,0.7419354838709677,0.625,0.6818181818181818,0.6521739130434783,0.8784090909090909,0.8138070668590689
logistic_regression,median,3,4,0.819672131147541,0.7083333333333334,0.8095238095238095,0.7555555555555555,0.9011904761904762,0.8352203427611777
logistic_regression,median,3,5,0.7213114754098361,0.5833333333333334,0.6666666666666666,0.6222222222222222,0.8404761904761905,0.7534259090023503
logistic_regression,median,3,6,0.7213114754098361,0.5909090909090909,0.6190476190476191,0.6046511627906976,0.7535714285714286,0.5550767606209119
logistic_regression,median,3,7,0.6885245901639344,0.5384615384615384,0.6666666666666666,0.5957446808510638,0.8047619047619048,0.750450540583943
logistic_regression,median,3,8,0.8360655737704918,0.7037037037037037,0.9047619047619048,0.7916666666666666,0.9035714285714286,0.7789746299930809
logistic_regression,median,3,9,0.6721311475409836,0.52,0.6190476190476191,0.5652173913043478,0.7833333333333333,0.6066700504561747
logistic_regression,median,4,0,0.7903225806451613,0.7142857142857143,0.6818181818181818,0.6976744186046512,0.8511363636363636,0.7773964290712017
logistic_regression,median,4,1,0.7741935483870968,0.6666666666666666,0.7272727272727273,0.6956521739130435,0.8647727272727272,0.8422483723012553
logistic_regression,median,4,2,0.6935483870967742,0.5517241379310345,0.7272727272727273,0.6274509803921569,0.790909090909091,0.7368538135051672
logistic_regression,median,4,3,0.8387096774193549,0.7727272727272727,0.7727272727272727,0.7727272727272727,0.9045454545454545,0.8440154008735599
logistic_regression,median,4,4,0.7868852459016393,0.6666666666666666,0.7619047619047619,0.7111111111111111,0.905952380952381,0.857603845734098
logistic_regression,median,4,5,0.819672131147541,0.75,0.7142857142857143,0.7317073170731707,0.8714285714285714,0.6863008708508844
logistic_regression,median,4,6,0.7704918032786885,0.6666666666666666,0.6666666666666666,0.6666666666666666,0.8083333333333333,0.6817205451970718
logistic_regression,median,4,7,0.7868852459016393,0.6818181818181818,0.7142857142857143,0.6976744186046512,0.8738095238095238,0.6828501998408383
logistic_regression,median,4,8,0.7049180327868853,0.5652173913043478,0.6190476190476191,0.5909090909090909,0.8154761904761905,0.7578036665695984
logistic_regression,median,4,9,0.6557377049180327,0.5,0.6666666666666666,0.5714285714285714,0.7773809523809524,0.6939298787088521
logistic_regression,knn,0,0,0.7419354838709677,0.65,0.5909090909090909,0.6190476190476191,0.8522727272727273,0.7645846990214369
logistic_regression,knn,0,1,0.7741935483870968,0.6428571428571429,0.8181818181818182,0.72,0.8818181818181818,0.8329368953096368
logistic_regression,knn,0,2,0.7741935483870968,0.6538461538461539,0.7727272727272727,0.7083333333333334,0.8727272727272728,0.7803708422980299
logistic_regression,knn,0,3,0.7096774193548387,0.5666666666666667,0.7727272727272727,0.6538461538461539,0.7897727272727273,0.6001933510166645
logistic_regression,knn,0,4,0.8032786885245902,0.7142857142857143,0.7142857142857143,0.7142857142857143,0.8809523809523809,0.801524100377484
logistic_regression,knn,0,5,0.7704918032786885,0.6666666666666666,0.6666666666666666,0.6666666666666666,0.8416666666666667,0.8157595752127655
logistic_regression,knn,0,6,0.7049180327868853,0.56,0.6666666666666666,0.6086956521739131,0.8142857142857142,0.7240432465935354
logistic_regression,knn,0,7,0.7540983606557377,0.625,0.7142857142857143,0.6666666666666666,0.8595238095238096,0.7795319510865732
logistic_regression,knn,0,8,0.7868852459016393,0.6666666666666666,0.7619047619047619,0.7111111111111111,0.8678571428571428,0.767102645728736
logistic_regression,knn,0,9,0.7213114754098361,0.5833333333333334,0.6666666666666666,0.6222222222222222,0.7916666666666667,0.6940219780988428
logistic_regression,knn,1,0,0.7580645161290323,0.6666666666666666,0.6363636363636364,0.6511627906976745,0.8386363636363636,0.7778778844325072
logistic_regression,knn,1,1,0.6612903225806451,0.5151515151515151,0.7727272727272727,0.6181818181818182,0.8443181818181819,0.7190359430684508
logistic_regression,knn,1,2,0.7741935483870968,0.7,0.6363636363636364,0.6666666666666666,0.8590909090909091,0.7840137314499711
logistic_regression,knn,1,3,0.7258064516129032,0.5862068965517241,0.7727272727272727,0.6666666666666666,0.8409090909090908,0.6765155098182062
logistic_regression,knn,1,4,0.7704918032786885,0.7058823529411765,0.5714285714285714,0.631578947368421,0.8964285714285714,0.8051140598007767
logistic_regression,knn,1,5,0.8524590163934426,0.875,0.6666666666666666,0.7567567567567568,0.8714285714285714,0.7918322912082514
logistic_regression,knn,1,6,0.6885245901639344,0.5333333333333333,0.7619047619047619,0.6274509803921569,0.7666666666666667,0.6772914981329223
logistic_regression,knn,1,7,0.7213114754098361,0.5625,0.8571428571428571,0.6792452830188679,0.8142857142857143,0.6754948411727141
logistic_regression,knn,1,8,0.819672131147541,0.7272727272727273,0.7619047619047619,0.7441860465116279,0.8738095238095238,0.8394867894812612
logistic_regression,knn,1,9,0.8360655737704918,0.7391304347826086,0.8095238095238095,0.7727272727272727,0.8869047619047619,0.8496239390810805
logistic_regression,knn,2,0,0.8225806451612904,0.7619047619047619,0.7272727272727273,0.7441860465116279,0.8602272727272727,0.8156873597753018
logistic_regression,knn,2,1,0.8225806451612904,0.7619047619047619,0.7272727272727273,0.7441860465116279,0.8943181818181818,0.8304495401380689
logistic_regression,knn,2,2,0.6612903225806451,0.52,0.5909090909090909,0.5531914893617021,0.7818181818181819,0.6133216337978235
logistic_regression,knn,2,3,0.8064516129032258,0.7083333333333334,0.7727272727272727,0.7391304347826086,0.8931818181818182,0.8554103353728169
logistic_regression,knn,2,4,0.7540983606557377,0.6153846153846154,0.7619047619047619,0.6808510638297872,0.8416666666666667,0.8045854049757588
logistic_regression,knn,2,5,0.7868852459016393,0.7,0.6666666666666666,0.6829268292682927,0.8654761904761905,0.7441818829974279
logistic_regression,knn,2,6,0.7377049180327869,0.6,0.7142857142857143,0.6521739130434783,0.8404761904761905,0.7653599640258861
logistic_regression,knn,2,7,0.7377049180327869,0.6086956521739131,0.6666666666666666,0.6363636363636364,0.844047619047619,0.7823013286228471
logistic_regression,knn,2,8,0.7540983606557377,0.6,0.8571428571428571,0.7058823529411765,0.8261904761904761,0.6434166757085626
logistic_regression,knn,2,9,0.6557377049180327,0.5,0.5714285714285714,0.5333333333333333,0.7535714285714286,0.6346396320051719
logistic_regression,knn,3,0,0.7903225806451613,0.6956521739130435,0.7272727272727273,0.7111111111111111,0.8443181818181819,0.8172214298998504
logistic_regression,knn,3,1,0.8387096774193549,0.75,0.8181818181818182,0.782608695652174,0.9238636363636363,0.9064791562558037
logistic_regression,knn,3,2,0.6935483870967742,0.5882352941176471,0.45454545454545453,0.5128205128205128,0.7647727272727272,0.6780053893251701
logistic_regression,knn,3,3,0.7419354838709677,0.625,0.6818181818181818,0.6521739130434783,0.8727272727272728,0.806601135764931
logistic_regression,knn,3,4,0.819672131147541,0.7083333333333334,0.8095238095238095,0.7555555555555555,0.8952380952380953,0.8166634944605768
logistic_regression,knn,3,5,0.7213114754098361,0.5833333333333334,0.6666666666666666,0.6222222222222222,0.8333333333333334,0.7237430001719758
logistic_regression,knn,3,6,0.7540983606557377,0.6363636363636364,0.6666666666666666,0.6511627906976745,0.7488095238095238,0.553360355365784
logistic_regression,knn,3,7,0.6721311475409836,0.5172413793103449,0.7142857142857143,0.6,0.8166666666666667,0.7615296169185937
logistic_regression,knn,3,8,0.8360655737704918,0.7037037037037037,0.9047619047619048,0.7916666666666666,0.9071428571428573,0.7960178450651163
logistic_regression,knn,3,9,0.6721311475409836,0.52,0.6190476190476191,0.5652173913043478,0.7761904761904761,0.5978175555399532
logistic_regression,knn,4,0,0.7903225806451613,0.7142857142857143,0.6818181818181818,0.6976744186046512,0.8613636363636363,0.7908933885630705
logistic_regression,knn,4,1,0.7741935483870968,0.6666666666666666,0.7272727272727273,0.6956521739130435,0.8647727272727272,0.8394954417075267
logistic_regression,knn,4,2,0.6774193548387096,0.5357142857142857,0.6818181818181818,0.6,0.7795454545454545,0.7248832500855591
logistic_regression,knn,4,3,0.8387096774193549,0.7727272727272727,0.7727272727272727,0.7727272727272727,0.896590909090909,0.8219225429988914
logistic_regression,knn,4,4,0.819672131147541,0.7083333333333334,0.8095238095238095,0.7555555555555555,0.9011904761904762,0.8467087884104694
logistic_regression,knn,4,5,0.8032786885245902,0.7142857142857143,0.7142857142857143,0.7142857142857143,0.8678571428571429,0.6551720136152765
logistic_regression,knn,4,6,0.7377049180327869,0.6086956521739131,0.6666666666666666,0.6363636363636364,0.8047619047619048,0.678600923459393
logistic_regression,knn,4,7,0.7868852459016393,0.6818181818181818,0.7142857142857143,0.6976744186046512,0.8797619047619047,0.6973943303315647
logistic_regression,knn,4,8,0.6885245901639344,0.5416666666666666,0.6190476190476191,0.5777777777777777,0.819047619047619,0.7610278386076754
logistic_regression,knn,4,9,0.6557377049180327,0.5,0.6666666666666666,0.5714285714285714,0.769047619047619,0.6741343518419565
logistic_regression,iterative,0,0,0.7419354838709677,0.65,0.5909090909090909,0.6190476190476191,0.8465909090909092,0.7553032541599436
logistic_regression,iterative,0,1,0.8064516129032258,0.6923076923076923,0.8181818181818182,0.75,0.8852272727272728,0.8359738833735675
logistic_regression,iterative,0,2,0.7580645161290323,0.6521739130434783,0.6818181818181818,0.6666666666666666,0.8727272727272728,0.7791934192699504
logistic_regression,iterative,0,3,0.6935483870967742,0.5517241379310345,0.7272727272727273,0.6274509803921569,0.7852272727272728,0.5882503379949029
logistic_regression,iterative,0,4,0.7704918032786885,0.6666666666666666,0.6666666666666666,0.6666666666666666,0.8726190476190476,0.8018792672247959
logistic_regression,iterative,0,5,0.7704918032786885,0.6666666666666666,0.6666666666666666,0.6666666666666666,0.8392857142857142,0.8126252367490372
logistic_regression,iterative,0,6,0.7377049180327869,0.6086956521739131,0.6666666666666666,0.6363636363636364,0.8345238095238096,0.7343426130539179
logistic_regression,iterative,0,7,0.7704918032786885,0.6521739130434783,0.7142857142857143,0.6818181818181818,0.8607142857142858,0.7848678134760385
logistic_regression,iterative,0,8,0.8032786885245902,0.68,0.8095238095238095,0.7391304347826086,0.8714285714285714,0.7725313608145077
logistic_regression,iterative,0,9,0.7213114754098361,0.5769230769230769,0.7142857142857143,0.6382978723404256,0.7976190476190477,0.690864879769469
logistic_regression,iterative,1,0,0.7741935483870968,0.7,0.6363636363636364,0.6666666666666666,0.8363636363636363,0.7695714841793275
logistic_regression,iterative,1,1,0.6774193548387096,0.53125,0.7727272727272727,0.6296296296296297,0.8477272727272727,0.7201364982266555
logistic_regression,iterative,1,2,0.7741935483870968,0.7,0.6363636363636364,0.6666666666666666,0.8625,0.7850629634795494
logistic_regression,iterative,1,3,0.7258064516129032,0.5862068965517241,0.7727272727272727,0.6666666666666666,0.8306818181818182,0.6579255025374501
logistic_regression,iterative,1,4,0.7868852459016393,0.75,0.5714285714285714,0.6486486486486487,0.8904761904761904,0.7905914629282833
logistic_regression,iterative,1,5,0.8360655737704918,0.8666666666666667,0.6190476190476191,0.7222222222222222,0.8714285714285714,0.7952521394378167
logistic_regression,iterative,1,6,0.6885245901639344,0.5357142857142857,0.7142857142857143,0.6122448979591837,0.7785714285714286,0.6791322079259876
logistic_regression,iterative,1,7,0.6885245901639344,0.53125,0.8095238095238095,0.6415094339622641,0.8261904761904761,0.6998390172702231
logistic_regression,iterative,1,8,0.8032786885245902,0.7142857142857143,0.7142857142857143,0.7142857142857143,0.8773809523809524,0.8485124967267825
logistic_regression,iterative,1,9,0.8360655737704918,0.7391304347826086,0.8095238095238095,0.7727272727272727,0.8785714285714286,0.8385849804868901
logistic_regression,iterative,2,0,0.8548387096774194,0.8421052631578947,0.7272727272727273,0.7804878048780488,0.8636363636363636,0.8249144188573396
logistic_regression,iterative,2,1,0.8064516129032258,0.75,0.6818181818181818,0.7142857142857143,0.8931818181818183,0.8254564664170139
logistic_regression,iterative,2,2,0.6612903225806451,0.52,0.5909090909090909,0.5531914893617021,0.7840909090909092,0.6189420965700295
logistic_regression,iterative,2,3,0.7903225806451613,0.6956521739130435,0.7272727272727273,0.7111111111111111,0.8931818181818183,0.8572694589465115
logistic_regression,iterative,2,4,0.7540983606557377,0.6153846153846154,0.7619047619047619,0.6808510638297872,0.8416666666666667,0.8045459523195566
logistic_regression,iterative,2,5,0.7868852459016393,0.7,0.6666666666666666,0.6829268292682927,0.8714285714285714,0.7485690359252875
logistic_regression,iterative,2,6,0.7540983606557377,0.625,0.7142857142857143,0.6666666666666666,0.8464285714285714,0.7737263229867162
logistic_regression,iterative,2,7,0.7540983606557377,0.625,0.7142857142857143,0.6666666666666666,0.8380952380952381,0.7761939843638102
logistic_regression,iterative,2,8,0.7704918032786885,0.6206896551724138,0.8571428571428571,0.72,0.8297619047619047,0.6445828210952214
logistic_regression,iterative,2,9,0.6885245901639344,0.5416666666666666,0.6190476190476191,0.5777777777777777,0.7559523809523809,0.6267432172992071
logistic_regression,iterative,3,0,0.7903225806451613,0.6956521739130435,0.7272727272727273,0.7111111111111111,0.8340909090909091,0.8027801425217675
logistic_regression,iterative,3,1,0.8548387096774194,0.782608695652174,0.8181818181818182,0.8,0.9261363636363636,0.9116970571516025
logistic_regression,iterative,3,2,0.6935483870967742,0.5882352941176471,0.45454545454545453,0.5128205128205128,0.7670454545454546,0.6882863030342621
logistic_regression,iterative,3,3,0.7580645161290323,0.6521739130434783,0.6818181818181818,0.6666666666666666,0.8784090909090909,0.8067416489190946
logistic_regression,iterative,3,4,0.819672131147541,0.7083333333333334,0.8095238095238095,0.7555555555555555,0.9011904761904762,0.8260108181104766
logistic_regression,iterative,3,5,0.7213114754098361,0.5833333333333334,0.6666666666666666,0.6222222222222222,0.8345238095238094,0.7223260877126625
logistic_regression,iterative,3,6,0.7377049180327869,0.6190476190476191,0.6190476190476191,0.6190476190476191,0.7607142857142857,0.5617664188193187
logistic_regression,iterative,3,7,0.6721311475409836,0.5185185185185185,0.6666666666666666,0.5833333333333334,0.8119047619047619,0.7548472547060576
logistic_regression,iterative,3,8,0.8360655737704918,0.7037037037037037,0.9047619047619048,0.7916666666666666,0.9095238095238095,0.80342923535648
logistic_regression,iterative,3,9,0.6885245901639344,0.5384615384615384,0.6666666666666666,0.5957446808510638,0.7773809523809524,0.5972515179547467
logistic_regression,iterative,4,0,0.7903225806451613,0.7142857142857143,0.6818181818181818,0.6976744186046512,0.8556818181818182,0.7834189678389558
logistic_regression,iterative,4,1,0.7741935483870968,0.6666666666666666,0.7272727272727273,0.6956521739130435,0.8693181818181819,0.8377769204396306
logistic_regression,iterative,4,2,0.6612903225806451,0.5172413793103449,0.6818181818181818,0.5882352941176471,0.7784090909090909,0.7218383825116459
logistic_regression,iterative,4,3,0.8064516129032258,0.75,0.6818181818181818,0.7142857142857143,0.8988636363636364,0.8244173803155079
logistic_regression,iterative,4,4,0.8032786885245902,0.6956521739130435,0.7619047619047619,0.7272727272727273,0.9083333333333333,0.8556885833846621
logistic_regression,iterative,4,5,0.819672131147541,0.7272727272727273,0.7619047619047619,0.7441860465116279,0.8726190476190476,0.6668010992889366
logistic_regression,iterative,4,6,0.7704918032786885,0.6666666666666666,0.6666666666666666,0.6666666666666666,0.8095238095238095,0.6933523739914718
logistic_regression,iterative,4,7,0.8032786885245902,0.6956521739130435,0.7619047619047619,0.7272727272727273,0.8785714285714286,0.6905569825978585
logistic_regression,iterative,4,8,0.6885245901639344,0.5454545454545454,0.5714285714285714,0.5581395348837209,0.819047619047619,0.7606266859550566
logistic_regression,iterative,4,9,0.6557377049180327,0.5,0.6666666666666666,0.5714285714285714,0.7726190476190475,0.6525917028933055
knn,mean,0,0,0.7580645161290323,0.7692307692307693,0.45454545454545453,0.5714285714285714,0.8363636363636364,0.7671382386218302
knn,mean,0,1,0.8064516129032258,0.7777777777777778,0.6363636363636364,0.7,0.8863636363636365,0.7795324916194603
knn,mean,0,2,0.7419354838709677,0.6666666666666666,0.5454545454545454,0.6,0.8579545454545455,0.777787582924546
knn,mean,0,3,0.7258064516129032,0.6190476190476191,0.5909090909090909,0.6046511627906976,0.7380681818181818,0.6061079849992943
knn,mean,0,4,0.8032786885245902,0.8,0.5714285714285714,0.6666666666666666,0.8964285714285715,0.830299583583529
knn,mean,0,5,0.819672131147541,0.8125,0.6190476190476191,0.7027027027027027,0.9035714285714286,0.8566864937815495
knn,mean,0,6,0.7704918032786885,0.6842105263157895,0.6190476190476191,0.65,0.7577380952380953,0.5709676218211901
knn,mean,0,7,0.7868852459016393,0.7857142857142857,0.5238095238095238,0.6285714285714286,0.875,0.7545566386035281
knn,mean,0,8,0.819672131147541,0.75,0.7142857142857143,0.7317073170731707,0.8250000000000001,0.7023355397044589
knn,mean,0,9,0.7213114754098361,0.6,0.5714285714285714,0.5853658536585366,0.7726190476190476,0.6410327553378385
knn,mean,1,0,0.8225806451612904,0.8235294117647058,0.6363636363636364,0.717948717948718,0.8607954545454546,0.7789452260167715
knn,mean,1,1,0.7741935483870968,0.6818181818181818,0.6818181818181818,0.6818181818181818,0.8431818181818181,0.7573624581487408
knn,mean,1,2,0.7419354838709677,0.7142857142857143,0.45454545454545453,0.5555555555555556,0.8159090909090909,0.7479739849970806
knn,mean,1,3,0.7741935483870968,0.6666666666666666,0.7272727272727273,0.6956521739130435,0.8420454545454547,0.702643915353016
knn,mean,1,4,0.7868852459016393,0.7857142857142857,0.5238095238095238,0.6285714285714286,0.9035714285714285,0.8174141877038232
knn,mean,1,5,0.8032786885245902,0.9090909090909091,0.47619047619047616,0.625,0.8845238095238095,0.8079301231502907
knn,mean,1,6,0.7213114754098361,0.5833333333333334,0.6666666666666666,0.6222222222222222,0.7916666666666666,0.6757691827203764
knn,mean,1,7,0.6721311475409836,0.5263157894736842,0.47619047619047616,0.5,0.7482142857142857,0.6029708809127019
knn,mean,1,8,0.7540983606557377,0.6875,0.5238095238095238,0.5945945945945946,0.8392857142857143,0.7686101181831735
knn,mean,1,9,0.8688524590163934,0.8095238095238095,0.8095238095238095,0.8095238095238095,0.9166666666666666,0.859429112319579
knn,mean,2,0,0.8225806451612904,0.8666666666666667,0.5909090909090909,0.7027027027027027,0.8647727272727274,0.8017280791159256
knn,mean,2,1,0.7903225806451613,0.7647058823529411,0.5909090909090909,0.6666666666666666,0.8738636363636364,0.8152193278170596
knn,mean,2,2,0.7258064516129032,0.631578947368421,0.5454545454545454,0.5853658536585366,0.8136363636363636,0.6715452515897271
knn,mean,2,3,0.7258064516129032,0.6470588235294118,0.5,0.5641025641025641,0.8625,0.8007706182320595
knn,mean,2,4,0.8032786885245902,0.7368421052631579,0.6666666666666666,0.7,0.856547619047619,0.7854565010374595
knn,mean,2,5,0.7704918032786885,0.7058823529411765,0.5714285714285714,0.631578947368421,0.8392857142857143,0.7148509813749986
knn,mean,2,6,0.7868852459016393,0.7222222222222222,0.6190476190476191,0.6666666666666666,0.8392857142857143,0.7054852821896735
knn,mean,2,7,0.819672131147541,0.7777777777777778,0.6666666666666666,0.717948717948718,0.8363095238095237,0.7746860805961708
knn,mean,2,8,0.7704918032786885,0.6666666666666666,0.6666666666666666,0.6666666666666666,0.8214285714285714,0.6991033274159739
knn,mean,2,9,0.7540983606557377,0.6666666666666666,0.5714285714285714,0.6153846153846154,0.7702380952380953,0.645155604153086
knn,mean,3,0,0.7580645161290323,0.6842105263157895,0.5909090909090909,0.6341463414634146,0.8238636363636364,0.7489498086088995
knn,mean,3,1,0.8709677419354839,0.8888888888888888,0.7272727272727273,0.8,0.9261363636363636,0.9215408209472736
knn,mean,3,2,0.7258064516129032,0.6923076923076923,0.4090909090909091,0.5142857142857142,0.7727272727272727,0.699299150492663
knn,mean,3,3,0.7096774193548387,0.6111111111111112,0.5,0.55,0.8306818181818182,0.735067953908979
knn,mean,3,4,0.8360655737704918,0.8235294117647058,0.6666666666666666,0.7368421052631579,0.9142857142857143,0.8457851569833137
knn,mean,3,5,0.819672131147541,0.75,0.7142857142857143,0.7317073170731707,0.8238095238095238,0.74138963011361
knn,mean,3,6,0.7704918032786885,0.6842105263157895,0.6190476190476191,0.65,0.8559523809523809,0.669814531880591
knn,mean,3,7,0.7377049180327869,0.6470588235294118,0.5238095238095238,0.5789473684210527,0.8404761904761905,0.7367872957235728
knn,mean,3,8,0.7868852459016393,0.7222222222222222,0.6190476190476191,0.6666666666666666,0.8559523809523809,0.7333489727424933
knn,mean,3,9,0.7049180327868853,0.6,0.42857142857142855,0.5,0.769047619047619,0.632511699622013
knn,mean,4,0,0.7419354838709677,0.65,0.5909090909090909,0.6190476190476191,0.8375,0.7478717052673305
knn,mean,4,1,0.8064516129032258,0.8125,0.5909090909090909,0.6842105263157895,0.8772727272727273,0.8116868404308084
knn,mean,4,2,0.6935483870967742,0.5652173913043478,0.5909090909090909,0.5777777777777777,0.7806818181818181,0.7052783775493223
knn,mean,4,3,0.7258064516129032,0.6666666666666666,0.45454545454545453,0.5405405405405406,0.8897727272727273,0.7685594419063533
knn,mean,4,4,0.7868852459016393,0.6666666666666666,0.7619047619047619,0.7111111111111111,0.8726190476190476,0.7800264764084512
knn,mean,4,5,0.7377049180327869,0.6923076923076923,0.42857142857142855,0.5294117647058824,0.8273809523809523,0.6612281431209457
knn,mean,4,6,0.8360655737704918,0.8666666666666667,0.6190476190476191,0.7222222222222222,0.7857142857142857,0.7059289342672508
knn,mean,4,7,0.7704918032786885,0.6842105263157895,0.6190476190476191,0.65,0.8583333333333333,0.71811392748406
knn,mean,4,8,0.8032786885245902,0.8461538461538461,0.5238095238095238,0.6470588235294118,0.8654761904761905,0.8052560036709215
knn,mean,4,9,0.7049180327868853,0.5882352941176471,0.47619047619047616,0.5263157894736842,0.7303571428571428,0.6082513225510844
knn,median,0,0,0.7419354838709677,0.8,0.36363636363636365,0.5,0.8465909090909091,0.7788893522961369
knn,median,0,1,0.8064516129032258,0.7777777777777778,0.6363636363636364,0.7,0.8795454545454546,0.766044537716716
knn,median,0,2,0.7741935483870968,0.7,0.6363636363636364,0.6666666666666666,0.8534090909090909,0.767888879744633
knn,median,0,3,0.7258064516129032,0.631578947368421,0.5454545454545454,0.5853658536585366,0.7477272727272728,0.6377501585294592
knn,median,0,4,0.8032786885245902,0.8,0.5714285714285714,0.6666666666666666,0.888095238095238,0.8221010293936379
knn,median,0,5,0.819672131147541,0.8125,0.6190476190476191,0.7027027027027027,0.905952380952381,0.8544966521180233
knn,median,0,6,0.7704918032786885,0.6842105263157895,0.6190476190476191,0.65,0.7619047619047619,0.5760958672239938
knn,median,0,7,0.7704918032786885,0.7333333333333333,0.5238095238095238,0.6111111111111112,0.8714285714285713,0.7579324911951877
knn,median,0,8,0.7704918032786885,0.6521739130434783,0.7142857142857143,0.6818181818181818,0.8345238095238094,0.7040686367617304
knn,median,0,9,0.6885245901639344,0.55,0.5238095238095238,0.5365853658536586,0.7797619047619048,0.6501662296489039
knn,median,1,0,0.8225806451612904,0.8666666666666667,0.5909090909090909,0.7027027027027027,0.8522727272727272,0.7718273256643374
knn,median,1,1,0.7580645161290323,0.6521739130434783,0.6818181818181818,0.6666666666666666,0.8511363636363636,0.759900914156157
knn,median,1,2,0.7580645161290323,0.7692307692307693,0.45454545454545453,0.5714285714285714,0.821590909090909,0.7576950558945961
knn,median,1,3,0.7741935483870968,0.6666666666666666,0.7272727272727273,0.6956521739130435,0.8386363636363636,0.6987884220291762
knn,median,1,4,0.7704918032786885,0.7692307692307693,0.47619047619047616,0.5882352941176471,0.9130952380952381,0.8245716766586639
knn,median,1,5,0.7868852459016393,0.9,0.42857142857142855,0.5806451612903226,0.8869047619047619,0.8169092498192678
knn,median,1,6,0.7213114754098361,0.5833333333333334,0.6666666666666666,0.6222222222222222,0.7892857142857143,0.6762538346389277
knn,median,1,7,0.7049180327868853,0.5714285714285714,0.5714285714285714,0.5714285714285714,0.7494047619047619,0.6111215211813907
knn,median,1,8,0.7704918032786885,0.7058823529411765,0.5714285714285714,0.631578947368421,0.85,0.7829320012156835
knn,median,1,9,0.8688524590163934,0.8095238095238095,0.8095238095238095,0.8095238095238095,0.9119047619047619,0.8636616347761858
knn,median,2,0,0.8064516129032258,0.8125,0.5909090909090909,0.6842105263157895,0.8539772727272728,0.791775835041725
knn,median,2,1,0.7903225806451613,0.8,0.5454545454545454,0.6486486486486487,0.8806818181818181,0.8293183504192108
knn,median,2,2,0.7258064516129032,0.631578947368421,0.5454545454545454,0.5853658536585366,0.8136363636363637,0.6693484769600608
knn,median,2,3,0.7258064516129032,0.6470588235294118,0.5,0.5641025641025641,0.8590909090909091,0.7883916218738174
knn,median,2,4,0.8032786885245902,0.7368421052631579,0.6666666666666666,0.7,0.856547619047619,0.7866197163918514
knn,median,2,5,0.7540983606557377,0.6875,0.5238095238095238,0.5945945945945946,0.8380952380952381,0.7123684443023233
knn,median,2,6,0.7704918032786885,0.7058823529411765,0.5714285714285714,0.631578947368421,0.825,0.6982788171343606
knn,median,2,7,0.8360655737704918,0.7894736842105263,0.7142857142857143,0.75,0.8386904761904762,0.7751624312789778
knn,median,2,8,0.7540983606557377,0.65,0.6190476190476191,0.6341463414634146,0.8190476190476191,0.6937793214053718
knn,median,2,9,0.7377049180327869,0.6470588235294118,0.5238095238095238,0.5789473684210527,0.7690476190476191,0.6315471752915792
knn,median,3,0,0.7741935483870968,0.7,0.6363636363636364,0.6666666666666666,0.8329545454545455,0.7464347017172095
knn,median,3,1,0.8387096774193549,0.875,0.6363636363636364,0.7368421052631579,0.9147727272727273,0.9016292814886164
knn,median,3,2,0.7096774193548387,0.6666666666666666,0.36363636363636365,0.47058823529411764,0.7704545454545455,0.7040892673737497
knn,median,3,3,0.7419354838709677,0.6666666666666666,0.5454545454545454,0.6,0.8375,0.7421621156137226
knn,median,3,4,0.8360655737704918,0.8235294117647058,0.6666666666666666,0.7368421052631579,0.9071428571428573,0.8400695998052768
knn,median,3,5,0.8032786885245902,0.7142857142857143,0.7142857142857143,0.7142857142857143,0.831547619047619,0.7436907820652163
knn,median,3,6,0.7704918032786885,0.7058823529411765,0.5714285714285714,0.631578947368421,0.8559523809523809,0.6686462471313428
knn,median,3,7,0.7377049180327869,0.6470588235294118,0.5238095238095238,0.5789473684210527,0.8488095238095238,0.7539207044092179
knn,median,3,8,0.7868852459016393,0.7222222222222222,0.6190476190476191,0.6666666666666666,0.8416666666666666,0.7027989212760484
knn,median,3,9,0.7213114754098361,0.625,0.47619047619047616,0.5405405405405406,0.7708333333333333,0.6447086004541542
knn,median,4,0,0.7580645161290323,0.6666666666666666,0.6363636363636364,0.6511627906976745,0.828409090909091,0.7484308294800579
knn,median,4,1,0.8064516129032258,0.8125,0.5909090909090909,0.6842105263157895,0.8681818181818182,0.8032074788246878
knn,median,4,2,0.7258064516129032,0.6190476190476191,0.5909090909090909,0.6046511627906976,0.7727272727272727,0.6663616362240932
knn,median,4,3,0.7258064516129032,0.6666666666666666,0.45454545454545453,0.5405405405405406,0.8909090909090909,0.7987581326456367
knn,median,4,4,0.7868852459016393,0.6666666666666666,0.7619047619047619,0.7111111111111111,0.8690476190476191,0.79405963909924
knn,median,4,5,0.7377049180327869,0.6923076923076923,0.42857142857142855,0.5294117647058824,0.8333333333333334,0.6668762577735614
knn,median,4,6,0.8360655737704918,0.8666666666666667,0.6190476190476191,0.7222222222222222,0.7749999999999999,0.6790169389056053
knn,median,4,7,0.7868852459016393,0.7,0.6666666666666666,0.6829268292682927,0.8571428571428571,0.709222574596323
knn,median,4,8,0.7868852459016393,0.8333333333333334,0.47619047619047616,0.6060606060606061,0.8690476190476191,0.804099930430568
knn,median,4,9,0.7213114754098361,0.6,0.5714285714285714,0.5853658536585366,0.7446428571428572,0.6500188568139094
knn,knn,0,0,0.7741935483870968,0.9,0.4090909090909091,0.5625,0.8102272727272728,0.7299496198224782
knn,knn,0,1,0.8064516129032258,0.7777777777777778,0.6363636363636364,0.7,0.8806818181818182,0.7924494132691728
knn,knn,0,2,0.7258064516129032,0.6666666666666666,0.45454545454545453,0.5405405405405406,0.875,0.8059898590623544
knn,knn,0,3,0.7096774193548387,0.6,0.5454545454545454,0.5714285714285714,0.7562500000000001,0.621059841434756
knn,knn,0,4,0.8360655737704918,0.8666666666666667,0.6190476190476191,0.7222222222222222,0.8857142857142857,0.8053896430833174
knn,knn,0,5,0.819672131147541,0.8571428571428571,0.5714285714285714,0.6857142857142857,0.8916666666666667,0.8408275267321059
knn,knn,0,6,0.6885245901639344,0.5454545454545454,0.5714285714285714,0.5581395348837209,0.7630952380952382,0.6054525059562931
knn,knn,0,7,0.7868852459016393,0.75,0.5714285714285714,0.6486486486486487,0.8559523809523809,0.7227244114635745
knn,knn,0,8,0.8032786885245902,0.7368421052631579,0.6666666666666666,0.7,0.8327380952380952,0.6890970064585772
knn,knn,0,9,0.6885245901639344,0.5555555555555556,0.47619047619047616,0.5128205128205128,0.7738095238095238,0.6644735269082855
knn,knn,1,0,0.7903225806451613,0.8,0.5454545454545454,0.6486486486486487,0.8352272727272727,0.7575609948050207
knn,knn,1,1,0.7741935483870968,0.6818181818181818,0.6818181818181818,0.6818181818181818,0.8227272727272728,0.7382134338873028
knn,knn,1,2,0.7741935483870968,0.75,0.5454545454545454,0.631578947368421,0.8431818181818181,0.7523709343701014
knn,knn,1,3,0.7096774193548387,0.5909090909090909,0.5909090909090909,0.5909090909090909,0.8386363636363636,0.6861372644503321
knn,knn,1,4,0.7377049180327869,0.6923076923076923,0.42857142857142855,0.5294117647058824,0.8952380952380953,0.7941302329626081
knn,knn,1,5,0.8032786885245902,0.9090909090909091,0.47619047619047616,0.625,0.8904761904761905,0.8080038793608718
knn,knn,1,6,0.7049180327868853,0.5652173913043478,0.6190476190476191,0.5909090909090909,0.782142857142857,0.6566956947657252
knn,knn,1,7,0.7868852459016393,0.7222222222222222,0.6190476190476191,0.6666666666666666,0.7654761904761905,0.6140250140040056
knn,knn,1,8,0.8032786885245902,0.8,0.5714285714285714,0.6666666666666666,0.8488095238095238,0.7785686639328098
knn,knn,1,9,0.8688524590163934,0.8421052631578947,0.7619047619047619,0.8,0.8964285714285714,0.8404732056375912
knn,knn,2,0,0.7903225806451613,0.8461538461538461,0.5,0.6285714285714286,0.8806818181818182,0.8104361265268611
knn,knn,2,1,0.7903225806451613,0.8461538461538461,0.5,0.6285714285714286,0.8738636363636363,0.8116216065081017
knn,knn,2,2,0.7096774193548387,0.625,0.45454545454545453,0.5263157894736842,0.8113636363636363,0.686195963408397
knn,knn,2,3,0.7903225806451613,0.8461538461538461,0.5,0.6285714285714286,0.8988636363636364,0.8415518203812609
knn,knn,2,4,0.8032786885245902,0.7368421052631579,0.6666666666666666,0.7,0.8464285714285714,0.7566916129478252
knn,knn,2,5,0.7540983606557377,0.6875,0.5238095238095238,0.5945945945945946,0.825,0.7338411373494687
knn,knn,2,6,0.7868852459016393,0.7222222222222222,0.6190476190476191,0.6666666666666666,0.8535714285714286,0.7756430955428597
knn,knn,2,7,0.8032786885245902,0.7647058823529411,0.6190476190476191,0.6842105263157895,0.8589285714285714,0.8182169140892794
knn,knn,2,8,0.7540983606557377,0.6666666666666666,0.5714285714285714,0.6153846153846154,0.807142857142857,0.6526222758365616
knn,knn,2,9,0.7213114754098361,0.625,0.47619047619047616,0.5405405405405406,0.7499999999999999,0.6019888473399928
knn,knn,3,0,0.7741935483870968,0.7222222222222222,0.5909090909090909,0.65,0.8318181818181819,0.7586479886422217
knn,knn,3,1,0.8548387096774194,0.9333333333333333,0.6363636363636364,0.7567567567567568,0.8931818181818182,0.8806111866940743
knn,knn,3,2,0.7258064516129032,0.7272727272727273,0.36363636363636365,0.48484848484848486,0.7625,0.6618847950307204
knn,knn,3,3,0.7741935483870968,0.75,0.5454545454545454,0.631578947368421,0.8522727272727273,0.7747583359810166
knn,knn,3,4,0.819672131147541,0.8125,0.6190476190476191,0.7027027027027027,0.8857142857142857,0.8071111399343747
knn,knn,3,5,0.7540983606557377,0.6666666666666666,0.5714285714285714,0.6153846153846154,0.825595238095238,0.6939600973812259
knn,knn,3,6,0.7704918032786885,0.7058823529411765,0.5714285714285714,0.631578947368421,0.8488095238095237,0.6670110622039228
knn,knn,3,7,0.7868852459016393,0.7222222222222222,0.6190476190476191,0.6666666666666666,0.8511904761904762,0.7700324671137388
knn,knn,3,8,0.7868852459016393,0.7222222222222222,0.6190476190476191,0.6666666666666666,0.8714285714285714,0.7652758468673255
knn,knn,3,9,0.7540983606557377,0.6875,0.5238095238095238,0.5945945945945946,0.7654761904761904,0.6152385106486575
knn,knn,4,0,0.7903225806451613,0.7647058823529411,0.5909090909090909,0.6666666666666666,0.8409090909090908,0.7692488044707999
knn,knn,4,1,0.7903225806451613,0.8,0.5454545454545454,0.6486486486486487,0.8954545454545454,0.8299001595487876
knn,knn,4,2,0.6935483870967742,0.5714285714285714,0.5454545454545454,0.5581395348837209,0.7613636363636365,0.66799448174632
knn,knn,4,3,0.7580645161290323,0.7333333333333333,0.5,0.5945945945945946,0.8931818181818182,0.7825135962752978
knn,knn,4,4,0.8032786885245902,0.7368421052631579,0.6666666666666666,0.7,0.8666666666666667,0.7648623631977784
knn,knn,4,5,0.7049180327868853,0.6363636363636364,0.3333333333333333,0.4375,0.8261904761904763,0.6010048873381303
knn,knn,4,6,0.7704918032786885,0.7058823529411765,0.5714285714285714,0.631578947368421,0.794642857142857,0.7266774707641219
knn,knn,4,7,0.7704918032786885,0.7058823529411765,0.5714285714285714,0.631578947368421,0.8761904761904762,0.7053960332258975
knn,knn,4,8,0.7540983606557377,0.8,0.38095238095238093,0.5161290322580645,0.8607142857142857,0.7912143605789486
knn,knn,4,9,0.7704918032786885,0.6842105263157895,0.6190476190476191,0.65,0.7535714285714287,0.6763083044458007
knn,iterative,0,0,0.7580645161290323,0.8181818181818182,0.4090909090909091,0.5454545454545454,0.8454545454545455,0.7563825143280574
knn,iterative,0,1,0.8225806451612904,0.7894736842105263,0.6818181818181818,0.7317073170731707,0.8909090909090909,0.7756560742917938
knn,iterative,0,2,0.7580645161290323,0.7058823529411765,0.5454545454545454,0.6153846153846154,0.8545454545454546,0.7842386808462323
knn,iterative,0,3,0.7741935483870968,0.6818181818181818,0.6818181818181818,0.6818181818181818,0.7767045454545454,0.6366782838466858
knn,iterative,0,4,0.7868852459016393,0.7857142857142857,0.5238095238095238,0.6285714285714286,0.8976190476190475,0.8364294853275294
knn,iterative,0,5,0.819672131147541,0.7777777777777778,0.6666666666666666,0.717948717948718,0.8964285714285715,0.8367550773751897
knn,iterative,0,6,0.7213114754098361,0.6,0.5714285714285714,0.5853658536585366,0.7607142857142857,0.6395908684332783
knn,iterative,0,7,0.7704918032786885,0.7333333333333333,0.5238095238095238,0.6111111111111112,0.8630952380952381,0.7112069979168993
knn,iterative,0,8,0.7540983606557377,0.65,0.6190476190476191,0.6341463414634146,0.8214285714285715,0.7007501924675055
knn,iterative,0,9,0.6557377049180327,0.5,0.5714285714285714,0.5333333333333333,0.7738095238095238,0.6628078393900352
knn,iterative,1,0,0.8225806451612904,0.8666666666666667,0.5909090909090909,0.7027027027027027,0.8522727272727272,0.8025716736187167
knn,iterative,1,1,0.7580645161290323,0.6521739130434783,0.6818181818181818,0.6666666666666666,0.8431818181818183,0.7772818095848077
knn,iterative,1,2,0.7419354838709677,0.6875,0.5,0.5789473684210527,0.8261363636363636,0.7464748914561194
knn,iterative,1,3,0.7419354838709677,0.6363636363636364,0.6363636363636364,0.6363636363636364,0.8465909090909092,0.7071990126064642
knn,iterative,1,4,0.7868852459016393,0.7857142857142857,0.5238095238095238,0.6285714285714286,0.9023809523809524,0.8087898830120996
knn,iterative,1,5,0.819672131147541,0.9166666666666666,0.5238095238095238,0.6666666666666666,0.894047619047619,0.8044857412983653
knn,iterative,1,6,0.6557377049180327,0.5,0.5238095238095238,0.5116279069767442,0.769047619047619,0.6380733608263751
knn,iterative,1,7,0.7540983606557377,0.65,0.6190476190476191,0.6341463414634146,0.7333333333333334,0.5473671766247871
knn,iterative,1,8,0.7540983606557377,0.6875,0.5238095238095238,0.5945945945945946,0.8547619047619047,0.7710065534072243
knn,iterative,1,9,0.8524590163934426,0.8,0.7619047619047619,0.7804878048780488,0.8714285714285714,0.7664477039946964
knn,iterative,2,0,0.7903225806451613,0.8,0.5454545454545454,0.6486486486486487,0.8522727272727273,0.7199737575596572
knn,iterative,2,1,0.7741935483870968,0.75,0.5454545454545454,0.631578947368421,0.859090909090909,0.7904710106305393
knn,iterative,2,2,0.7580645161290323,0.6842105263157895,0.5909090909090909,0.6341463414634146,0.8113636363636364,0.6602497933397876
knn,iterative,2,3,0.7741935483870968,0.7222222222222222,0.5909090909090909,0.65,0.8738636363636363,0.814495579500574
knn,iterative,2,4,0.7868852459016393,0.7,0.6666666666666666,0.6829268292682927,0.8577380952380953,0.7842423816063795
knn,iterative,2,5,0.7868852459016393,0.7222222222222222,0.6190476190476191,0.6666666666666666,0.8535714285714285,0.7740341598865164
knn,iterative,2,6,0.7540983606557377,0.65,0.6190476190476191,0.6341463414634146,0.8511904761904762,0.7704372081426807
knn,iterative,2,7,0.8524590163934426,0.8333333333333334,0.7142857142857143,0.7692307692307693,0.8708333333333333,0.8339540713401474
knn,iterative,2,8,0.7377049180327869,0.6190476190476191,0.6190476190476191,0.6190476190476191,0.8035714285714286,0.6192569614422185
knn,iterative,2,9,0.7377049180327869,0.631578947368421,0.5714285714285714,0.6,0.7398809523809524,0.5634408122764504
knn,iterative,3,0,0.7419354838709677,0.65,0.5909090909090909,0.6190476190476191,0.8556818181818182,0.8035531300470223
knn,iterative,3,1,0.8709677419354839,0.9375,0.6818181818181818,0.7894736842105263,0.9238636363636363,0.9180336487004844
knn,iterative,3,2,0.7258064516129032,0.6923076923076923,0.4090909090909091,0.5142857142857142,0.7602272727272728,0.6766243945126752
knn,iterative,3,3,0.7741935483870968,0.7222222222222222,0.5909090909090909,0.65,0.8636363636363636,0.7652194187249068
knn,iterative,3,4,0.8524590163934426,0.8,0.7619047619047619,0.7804878048780488,0.9011904761904762,0.8153709018922821
knn,iterative,3,5,0.7540983606557377,0.6666666666666666,0.5714285714285714,0.6153846153846154,0.8041666666666666,0.673503737861415
knn,iterative,3,6,0.7540983606557377,0.6666666666666666,0.5714285714285714,0.6153846153846154,0.8464285714285714,0.6649427911168457
knn,iterative,3,7,0.7704918032786885,0.7058823529411765,0.5714285714285714,0.631578947368421,0.8452380952380952,0.7336802853886004
knn,iterative,3,8,0.7868852459016393,0.7,0.6666666666666666,0.6829268292682927,0.8595238095238095,0.739562761243838
knn,iterative,3,9,0.7213114754098361,0.6428571428571429,0.42857142857142855,0.5142857142857142,0.7708333333333334,0.6084400169505905
knn,iterative,4,0,0.7903225806451613,0.7647058823529411,0.5909090909090909,0.6666666666666666,0.8340909090909091,0.7670945677452573
knn,iterative,4,1,0.8225806451612904,0.8235294117647058,0.6363636363636364,0.717948717948718,0.8863636363636364,0.8247889604377638
knn,iterative,4,2,0.7096774193548387,0.5833333333333334,0.6363636363636364,0.6086956521739131,0.7397727272727272,0.6146134113797735
knn,iterative,4,3,0.7580645161290323,0.7333333333333333,0.5,0.5945945945945946,0.8999999999999999,0.7759693046989609
knn,iterative,4,4,0.7704918032786885,0.6666666666666666,0.6666666666666666,0.6666666666666666,0.8666666666666667,0.7732221072785117
knn,iterative,4,5,0.7049180327868853,0.6153846153846154,0.38095238095238093,0.47058823529411764,0.8285714285714285,0.6309533948661326
knn,iterative,4,6,0.7704918032786885,0.7058823529411765,0.5714285714285714,0.631578947368421,0.7833333333333333,0.7251563094966597
knn,iterative,4,7,0.7704918032786885,0.6842105263157895,0.6190476190476191,0.65,0.863095238095238,0.7124378993929186
knn,iterative,4,8,0.7868852459016393,0.75,0.5714285714285714,0.6486486486486487,0.8607142857142857,0.7877819477541623
knn,iterative,4,9,0.7704918032786885,0.7058823529411765,0.5714285714285714,0.631578947368421,0.781547619047619,0.6978724963778675
svm,mean,0,0,0.7741935483870968,0.7857142857142857,0.5,0.6111111111111112,0.8602272727272726,0.7788482369531833
svm,mean,0,1,0.8225806451612904,0.8235294117647058,0.6363636363636364,0.717948717948718,0.8738636363636363,0.7981970923968287
svm,mean,0,2,0.7903225806451613,0.8461538461538461,0.5,0.6285714285714286,0.8715909090909091,0.7796104259139356
svm,mean,0,3,0.7580645161290323,0.6842105263157895,0.5909090909090909,0.6341463414634146,0.7920454545454545,0.6057605871044544
svm,mean,0,4,0.8360655737704918,0.8666666666666667,0.6190476190476191,0.7222222222222222,0.8904761904761905,0.8479023428700849
svm,mean,0,5,0.8524590163934426,0.9285714285714286,0.6190476190476191,0.7428571428571429,0.8452380952380952,0.8217849746780772
svm,mean,0,6,0.7704918032786885,0.6842105263157895,0.6190476190476191,0.65,0.8333333333333333,0.737310716759686
svm,mean,0,7,0.8032786885245902,0.8,0.5714285714285714,0.6666666666666666,0.861904761904762,0.8012926364677933
svm,mean,0,8,0.8032786885245902,0.7647058823529411,0.6190476190476191,0.6842105263157895,0.8702380952380953,0.7707402987545477
svm,mean,0,9,0.7049180327868853,0.5882352941176471,0.47619047619047616,0.5263157894736842,0.7869047619047619,0.6585473454076827
svm,mean,1,0,0.8064516129032258,0.8125,0.5909090909090909,0.6842105263157895,0.8443181818181819,0.7709590695489261
svm,mean,1,1,0.7258064516129032,0.6190476190476191,0.5909090909090909,0.6046511627906976,0.8386363636363636,0.7123243920791766
svm,mean,1,2,0.7419354838709677,0.7142857142857143,0.45454545454545453,0.5555555555555556,0.8693181818181819,0.7943237739656257
svm,mean,1,3,0.7903225806451613,0.7142857142857143,0.6818181818181818,0.6976744186046512,0.8409090909090908,0.6995105598274814
svm,mean,1,4,0.7377049180327869,0.7272727272727273,0.38095238095238093,0.5,0.8785714285714286,0.795947708856392
svm,mean,1,5,0.7704918032786885,0.8888888888888888,0.38095238095238093,0.5333333333333333,0.8702380952380953,0.8054801479332303
svm,mean,1,6,0.7049180327868853,0.5789473684210527,0.5238095238095238,0.55,0.7773809523809524,0.687194786845408
svm,mean,1,7,0.7868852459016393,0.7222222222222222,0.6190476190476191,0.6666666666666666,0.8333333333333333,0.7110414437232013
svm,mean,1,8,0.8852459016393442,1.0,0.6666666666666666,0.8,0.8738095238095238,0.8546142103875294
svm,mean,1,9,0.8524590163934426,0.8,0.7619047619047619,0.7804878048780488,0.8845238095238095,0.8489043479924487
svm,mean,2,0,0.7903225806451613,0.8,0.5454545454545454,0.6486486486486487,0.8625,0.8218086079362421
svm,mean,2,1,0.7741935483870968,0.75,0.5454545454545454,0.631578947368421,0.9011363636363636,0.8475668929348483
svm,mean,2,2,0.7096774193548387,0.6428571428571429,0.4090909090909091,0.5,0.7727272727272727,0.6049525733927058
svm,mean,2,3,0.8064516129032258,0.8571428571428571,0.5454545454545454,0.6666666666666666,0.8897727272727273,0.8585395877772037
svm,mean,2,4,0.7868852459016393,0.7,0.6666666666666666,0.6829268292682927,0.8523809523809524,0.8198737399948917
svm,mean,2,5,0.8360655737704918,0.8666666666666667,0.6190476190476191,0.7222222222222222,0.8809523809523809,0.7754218287072396
svm,mean,2,6,0.7704918032786885,0.7058823529411765,0.5714285714285714,0.631578947368421,0.8345238095238096,0.7257710789427625
svm,mean,2,7,0.8360655737704918,0.9230769230769231,0.5714285714285714,0.7058823529411765,0.8535714285714286,0.8051152828344841
svm,mean,2,8,0.7704918032786885,0.6666666666666666,0.6666666666666666,0.6666666666666666,0.8464285714285715,0.647289826019775
svm,mean,2,9,0.7540983606557377,0.6875,0.5238095238095238,0.5945945945945946,0.7583333333333333,0.6350445183733815
svm,mean,3,0,0.7903225806451613,0.7368421052631579,0.6363636363636364,0.6829268292682927,0.8363636363636364,0.7967867089353522
svm,mean,3,1,0.8387096774193549,0.875,0.6363636363636364,0.7368421052631579,0.9102272727272728,0.8914035105422664
svm,mean,3,2,0.7258064516129032,0.7777777777777778,0.3181818181818182,0.45161290322580644,0.7909090909090909,0.7036155416980214
svm,mean,3,3,0.8064516129032258,0.8571428571428571,0.5454545454545454,0.6666666666666666,0.8897727272727272,0.8374776569440598
svm,mean,3,4,0.8360655737704918,0.7894736842105263,0.7142857142857143,0.75,0.9011904761904761,0.8345380952241854
svm,mean,3,5,0.7540983606557377,0.6875,0.5238095238095238,0.5945945945945946,0.8404761904761905,0.753456389030619
svm,mean,3,6,0.7704918032786885,0.7058823529411765,0.5714285714285714,0.631578947368421,0.7547619047619047,0.5536358701767985
svm,mean,3,7,0.7704918032786885,0.7058823529411765,0.5714285714285714,0.631578947368421,0.8261904761904763,0.7802024741100373
svm,mean,3,8,0.819672131147541,0.75,0.7142857142857143,0.7317073170731707,0.9047619047619048,0.7952070978823205
svm,mean,3,9,0.7704918032786885,0.7058823529411765,0.5714285714285714,0.631578947368421,0.7952380952380952,0.6572700196478196
svm,mean,4,0,0.8064516129032258,0.8125,0.5909090909090909,0.6842105263157895,0.8488636363636364,0.7608863365143268
svm,mean,4,1,0.8548387096774194,0.8823529411764706,0.6818181818181818,0.7692307692307693,0.8670454545454547,0.8357659617168491
svm,mean,4,2,0.7096774193548387,0.5909090909090909,0.5909090909090909,0.5909090909090909,0.7863636363636364,0.7456806665897573
svm,mean,4,3,0.7903225806451613,0.9090909090909091,0.45454545454545453,0.6060606060606061,0.9079545454545455,0.8458813097937916
svm,mean,4,4,0.819672131147541,0.8125,0.6190476190476191,0.7027027027027027,0.9154761904761904,0.8826812594139963
svm,mean,4,5,0.7704918032786885,0.7333333333333333,0.5238095238095238,0.6111111111111112,0.8666666666666667,0.6831915722698948
svm,mean,4,6,0.7868852459016393,0.75,0.5714285714285714,0.6486486486486487,0.825,0.7051754716859835
svm,mean,4,7,0.8032786885245902,0.7647058823529411,0.6190476190476191,0.6842105263157895,0.8773809523809524,0.7350023892421287
svm,mean,4,8,0.7704918032786885,0.7692307692307693,0.47619047619047616,0.5882352941176471,0.8214285714285714,0.76277308526288
svm,mean,4,9,0.7213114754098361,0.6,0.5714285714285714,0.5853658536585366,0.7845238095238095,0.6946702053281375
svm,median,0,0,0.7258064516129032,0.6190476190476191,0.5909090909090909,0.6046511627906976,0.8465909090909092,0.7505440816513822
svm,median,0,1,0.8064516129032258,0.6923076923076923,0.8181818181818182,0.75,0.8727272727272728,0.7967991161964809
svm,median,0,2,0.7580645161290323,0.64,0.7272727272727273,0.6808510638297872,0.8738636363636364,0.7777632340649848
svm,median,0,3,0.6935483870967742,0.5517241379310345,0.7272727272727273,0.6274509803921569,0.7909090909090909,0.6274632102361329
svm,median,0,4,0.7868852459016393,0.7,0.6666666666666666,0.6829268292682927,0.8880952380952382,0.8234079893356763
svm,median,0,5,0.7540983606557377,0.6363636363636364,0.6666666666666666,0.6511627906976745,0.844047619047619,0.8061974342300644
svm,median,0,6,0.7377049180327869,0.5925925925925926,0.7619047619047619,0.6666666666666666,0.8190476190476189,0.7045143487812662
svm,median,0,7,0.8032786885245902,0.7142857142857143,0.7142857142857143,0.7142857142857143,0.8547619047619047,0.7854421801060458
svm,median,0,8,0.8032786885245902,0.68,0.8095238095238095,0.7391304347826086,0.8738095238095238,0.7719789706598383
svm,median,0,9,0.7049180327868853,0.56,0.6666666666666666,0.6086956521739131,0.7999999999999999,0.6538038477594434
svm,median,1,0,0.7903225806451613,0.7368421052631579,0.6363636363636364,0.6829268292682927,0.8386363636363636,0.7704392448412565
svm,median,1,1,0.6774193548387096,0.5294117647058824,0.8181818181818182,0.6428571428571429,0.8352272727272727,0.7081949126734797
svm,median,1,2,0.7741935483870968,0.7,0.6363636363636364,0.6666666666666666,0.8636363636363636,0.7795589587701885
svm,median,1,3,0.7258064516129032,0.5862068965517241,0.7727272727272727,0.6666666666666666,0.8397727272727273,0.7047474655897675
svm,median,1,4,0.7704918032786885,0.7058823529411765,0.5714285714285714,0.631578947368421,0.9035714285714286,0.8109160962316118
svm,median,1,5,0.819672131147541,0.8571428571428571,0.5714285714285714,0.6857142857142857,0.8940476190476191,0.8235117227728066
svm,median,1,6,0.639344262295082,0.4838709677419355,0.7142857142857143,0.5769230769230769,0.7738095238095238,0.6897126006973862
svm,median,1,7,0.7377049180327869,0.5862068965517241,0.8095238095238095,0.68,0.8107142857142857,0.6615111768264988
svm,median,1,8,0.7868852459016393,0.6818181818181818,0.7142857142857143,0.6976744186046512,0.8726190476190476,0.837791271875123
svm,median,1,9,0.819672131147541,0.7083333333333334,0.8095238095238095,0.7555555555555555,0.8892857142857143,0.862245035302291
svm,median,2,0,0.8548387096774194,0.8421052631578947,0.7272727272727273,0.7804878048780488,0.8715909090909091,0.8270764529720551
svm,median,2,1,0.8064516129032258,0.75,0.6818181818181818,0.7142857142857143,0.8897727272727274,0.8223366382644102
svm,median,2,2,0.6612903225806451,0.52,0.5909090909090909,0.5531914893617021,0.7738636363636364,0.6010933665602555
svm,median,2,3,0.7903225806451613,0.6956521739130435,0.7272727272727273,0.7111111111111111,0.8965909090909091,0.8567350082306093
svm,median,2,4,0.7540983606557377,0.6153846153846154,0.7619047619047619,0.6808510638297872,0.844047619047619,0.7986866330544822
svm,median,2,5,0.7704918032786885,0.6521739130434783,0.7142857142857143,0.6818181818181818,0.8797619047619047,0.843005140427501
svm,median,2,6,0.7704918032786885,0.64,0.7619047619047619,0.6956521739130435,0.8523809523809524,0.7401940197281491
svm,median,2,7,0.7540983606557377,0.625,0.7142857142857143,0.6666666666666666,0.8523809523809524,0.7936564599522042
svm,median,2,8,0.7704918032786885,0.6206896551724138,0.8571428571428571,0.72,0.8345238095238094,0.647339703999512
svm,median,2,9,0.6721311475409836,0.52,0.6190476190476191,0.5652173913043478,0.7571428571428571,0.6299815424054849
svm,median,3,0,0.7580645161290323,0.64,0.7272727272727273,0.6808510638297872,0.8363636363636364,0.7974052188721978
svm,median,3,1,0.8387096774193549,0.75,0.8181818181818182,0.782608695652174,0.9136363636363637,0.9026125246442582
svm,median,3,2,0.7258064516129032,0.6666666666666666,0.45454545454545453,0.5405405405405406,0.7784090909090909,0.694752439685353
svm,median,3,3,0.7741935483870968,0.6666666666666666,0.7272727272727273,0.6956521739130435,0.8829545454545454,0.8154500388449841
svm,median,3,4,0.819672131147541,0.7083333333333334,0.8095238095238095,0.7555555555555555,0.905952380952381,0.8332335383750686
svm,median,3,5,0.7213114754098361,0.5769230769230769,0.7142857142857143,0.6382978723404256,0.844047619047619,0.7507512447000342
svm,median,3,6,0.7377049180327869,0.6086956521739131,0.6666666666666666,0.6363636363636364,0.7761904761904762,0.5736955488789447
svm,median,3,7,0.6721311475409836,0.5185185185185185,0.6666666666666666,0.5833333333333334,0.819047619047619,0.7593947944428718
svm,median,3,8,0.8360655737704918,0.7037037037037037,0.9047619047619048,0.7916666666666666,0.9011904761904762,0.769303655299896
svm,median,3,9,0.6885245901639344,0.5384615384615384,0.6666666666666666,0.5957446808510638,0.7761904761904761,0.658805657001535
svm,median,4,0,0.7580645161290323,0.6521739130434783,0.6818181818181818,0.6666666666666666,0.8602272727272728,0.7835803808414716
svm,median,4,1,0.8064516129032258,0.6923076923076923,0.8181818181818182,0.75,0.8852272727272728,0.85242979924174
svm,median,4,2,0.6451612903225806,0.5,0.6818181818181818,0.5769230769230769,0.7772727272727272,0.741319744610353
svm,median,4,3,0.8387096774193549,0.7727272727272727,0.7727272727272727,0.7727272727272727,0.9034090909090908,0.8291275189744223
svm,median,4,4,0.7868852459016393,0.6818181818181818,0.7142857142857143,0.6976744186046512,0.9047619047619048,0.8484286054999965
svm,median,4,5,0.8360655737704918,0.7619047619047619,0.7619047619047619,0.7619047619047619,0.8714285714285714,0.6682613932857674
svm,median,4,6,0.7377049180327869,0.6086956521739131,0.6666666666666666,0.6363636363636364,0.8023809523809524,0.6845563053468076
svm,median,4,7,0.819672131147541,0.7272727272727273,0.7619047619047619,0.7441860465116279,0.8928571428571428,0.7652042982643867
svm,median,4,8,0.7049180327868853,0.56,0.6666666666666666,0.6086956521739131,0.8345238095238094,0.7796478122040607
svm,median,4,9,0.6721311475409836,0.5172413793103449,0.7142857142857143,0.6,0.7666666666666667,0.6687407945242001
svm,knn,0,0,0.7096774193548387,0.5909090909090909,0.5909090909090909,0.5909090909090909,0.8420454545454545,0.7473043166738123
svm,knn,0,1,0.7903225806451613,0.6666666666666666,0.8181818181818182,0.7346938775510204,0.8727272727272728,0.8048968094875597
svm,knn,0,2,0.7741935483870968,0.6428571428571429,0.8181818181818182,0.72,0.8772727272727273,0.7852160864708359
svm,knn,0,3,0.6774193548387096,0.5333333333333333,0.7272727272727273,0.6153846153846154,0.7863636363636364,0.6156291358412145
svm,knn,0,4,0.7868852459016393,0.7,0.6666666666666666,0.6829268292682927,0.8785714285714286,0.8018791072118321
svm,knn,0,5,0.7540983606557377,0.6363636363636364,0.6666666666666666,0.6511627906976745,0.8488095238095239,0.8152213509022233
svm,knn,0,6,0.7213114754098361,0.5769230769230769,0.7142857142857143,0.6382978723404256,0.8261904761904761,0.7245041287270437
svm,knn,0,7,0.7704918032786885,0.6521739130434783,0.7142857142857143,0.6818181818181818,0.8571428571428572,0.7766762891880983
svm,knn,0,8,0.8032786885245902,0.68,0.8095238095238095,0.7391304347826086,0.8869047619047619,0.782876399919058
svm,knn,0,9,0.7049180327868853,0.56,0.6666666666666666,0.6086956521739131,0.8,0.6916361671018454
svm,knn,1,0,0.7741935483870968,0.7,0.6363636363636364,0.6666666666666666,0.8386363636363636,0.7704005650705377
svm,knn,1,1,0.6774193548387096,0.5294117647058824,0.8181818181818182,0.6428571428571429,0.8454545454545455,0.7206314438873148
svm,knn,1,2,0.7903225806451613,0.7142857142857143,0.6818181818181818,0.6976744186046512,0.8625,0.7796058257672023
svm,knn,1,3,0.7419354838709677,0.6,0.8181818181818182,0.6923076923076923,0.8409090909090909,0.715839204193094
svm,knn,1,4,0.7704918032786885,0.7058823529411765,0.5714285714285714,0.631578947368421,0.8988095238095237,0.8046417693254615
svm,knn,1,5,0.8360655737704918,0.8666666666666667,0.6190476190476191,0.7222222222222222,0.8904761904761904,0.8183138086655224
svm,knn,1,6,0.639344262295082,0.4838709677419355,0.7142857142857143,0.5769230769230769,0.7714285714285715,0.6919360723872003
svm,knn,1,7,0.7377049180327869,0.5862068965517241,0.8095238095238095,0.68,0.8035714285714286,0.6457902848775368
svm,knn,1,8,0.8032786885245902,0.6956521739130435,0.7619047619047619,0.7272727272727273,0.861904761904762,0.8211261552100064
svm,knn,1,9,0.8360655737704918,0.7391304347826086,0.8095238095238095,0.7727272727272727,0.888095238095238,0.8510784095007766
svm,knn,2,0,0.8064516129032258,0.75,0.6818181818181818,0.7142857142857143,0.8704545454545454,0.8229823256561222
svm,knn,2,1,0.7903225806451613,0.7142857142857143,0.6818181818181818,0.6976744186046512,0.8875,0.8271385223281129
svm,knn,2,2,0.6774193548387096,0.5384615384615384,0.6363636363636364,0.5833333333333334,0.771590909090909,0.5947342602715296
svm,knn,2,3,0.8064516129032258,0.7083333333333334,0.7727272727272727,0.7391304347826086,0.8977272727272727,0.8525125589131708
svm,knn,2,4,0.7377049180327869,0.5925925925925926,0.7619047619047619,0.6666666666666666,0.8452380952380952,0.7963072638635125
svm,knn,2,5,0.7540983606557377,0.625,0.7142857142857143,0.6666666666666666,0.8702380952380953,0.8180195108513535
svm,knn,2,6,0.7540983606557377,0.625,0.7142857142857143,0.6666666666666666,0.8607142857142857,0.7835994009243101
svm,knn,2,7,0.7704918032786885,0.64,0.7619047619047619,0.6956521739130435,0.851190476190476,0.7866076302484781
svm,knn,2,8,0.7540983606557377,0.6,0.8571428571428571,0.7058823529411765,0.8285714285714285,0.6237430834655514
svm,knn,2,9,0.6721311475409836,0.52,0.6190476190476191,0.5652173913043478,0.7547619047619047,0.6161166966952349
svm,knn,3,0,0.7741935483870968,0.6666666666666666,0.7272727272727273,0.6956521739130435,0.8534090909090909,0.8239235947584278
svm,knn,3,1,0.8548387096774194,0.76,0.8636363636363636,0.8085106382978723,0.9113636363636364,0.8988167968456364
svm,knn,3,2,0.6935483870967742,0.5882352941176471,0.45454545454545453,0.5128205128205128,0.7636363636363637,0.6833620076512368
svm,knn,3,3,0.7741935483870968,0.6666666666666666,0.7272727272727273,0.6956521739130435,0.8818181818181818,0.8110624469647236
svm,knn,3,4,0.8360655737704918,0.7391304347826086,0.8095238095238095,0.7727272727272727,0.8952380952380952,0.8324414930441226
svm,knn,3,5,0.7213114754098361,0.5833333333333334,0.6666666666666666,0.6222222222222222,0.8380952380952381,0.7402353671408854
svm,knn,3,6,0.7377049180327869,0.6190476190476191,0.6190476190476191,0.6190476190476191,0.7761904761904761,0.5750819030771044
svm,knn,3,7,0.7049180327868853,0.5555555555555556,0.7142857142857143,0.625,0.8238095238095238,0.7633278270089094
svm,knn,3,8,0.8032786885245902,0.6551724137931034,0.9047619047619048,0.76,0.9107142857142857,0.7892251659464609
svm,knn,3,9,0.6557377049180327,0.5,0.6190476190476191,0.5531914893617021,0.7726190476190475,0.6278806018670051
svm,knn,4,0,0.7741935483870968,0.6666666666666666,0.7272727272727273,0.6956521739130435,0.8681818181818182,0.8088213821523309
svm,knn,4,1,0.7741935483870968,0.6538461538461539,0.7727272727272727,0.7083333333333334,0.8795454545454546,0.8441697843467473
svm,knn,4,2,0.6129032258064516,0.4666666666666667,0.6363636363636364,0.5384615384615384,0.7715909090909091,0.7189903927551407
svm,knn,4,3,0.8387096774193549,0.7727272727272727,0.7727272727272727,0.7727272727272727,0.9056818181818183,0.8235131820741095
svm,knn,4,4,0.8032786885245902,0.6956521739130435,0.7619047619047619,0.7272727272727273,0.8976190476190476,0.8354229967988223
svm,knn,4,5,0.819672131147541,0.7272727272727273,0.7619047619047619,0.7441860465116279,0.8714285714285713,0.6642439122083283
svm,knn,4,6,0.7377049180327869,0.6086956521739131,0.6666666666666666,0.6363636363636364,0.8023809523809524,0.6927957042672697
svm,knn,4,7,0.819672131147541,0.7272727272727273,0.7619047619047619,0.7441860465116279,0.8916666666666666,0.7556846000675401
svm,knn,4,8,0.7213114754098361,0.5833333333333334,0.6666666666666666,0.6222222222222222,0.8273809523809523,0.7684568644082588
svm,knn,4,9,0.6721311475409836,0.5172413793103449,0.7142857142857143,0.6,0.7619047619047619,0.6621411671092161
svm,iterative,0,0,0.7741935483870968,0.7857142857142857,0.5,0.6111111111111112,0.8624999999999999,0.7796435463104392
svm,iterative,0,1,0.7741935483870968,0.75,0.5454545454545454,0.631578947368421,0.8772727272727272,0.8032462638907256
svm,iterative,0,2,0.8225806451612904,0.8666666666666667,0.5909090909090909,0.7027027027027027,0.8795454545454545,0.8110003483800612
svm,iterative,0,3,0.7419354838709677,0.65,0.5909090909090909,0.6190476190476191,0.7965909090909091,0.6149354370395371
svm,iterative,0,4,0.8360655737704918,0.8666666666666667,0.6190476190476191,0.7222222222222222,0.8916666666666667,0.8296789003091527
svm,iterative,0,5,0.8360655737704918,0.8235294117647058,0.6666666666666666,0.7368421052631579,0.844047619047619,0.8137123775265205
svm,iterative,0,6,0.7704918032786885,0.6842105263157895,0.6190476190476191,0.65,0.8095238095238095,0.7086143824702487
svm,iterative,0,7,0.7868852459016393,0.75,0.5714285714285714,0.6486486486486487,0.8547619047619047,0.7708906618647628
svm,iterative,0,8,0.8360655737704918,0.7894736842105263,0.7142857142857143,0.75,0.8714285714285713,0.7730804675145941
svm,iterative,0,9,0.6885245901639344,0.5625,0.42857142857142855,0.4864864864864865,0.7928571428571428,0.6812268179763614
svm,iterative,1,0,0.7903225806451613,0.7647058823529411,0.5909090909090909,0.6666666666666666,0.8420454545454545,0.7627811916903873
svm,iterative,1,1,0.7096774193548387,0.6,0.5454545454545454,0.5714285714285714,0.8397727272727273,0.7449718500579936
svm,iterative,1,2,0.7580645161290323,0.7692307692307693,0.45454545454545453,0.5714285714285714,0.8681818181818182,0.7918446467006723
svm,iterative,1,3,0.7741935483870968,0.7222222222222222,0.5909090909090909,0.65,0.8579545454545454,0.7233909180794796
svm,iterative,1,4,0.7377049180327869,0.7272727272727273,0.38095238095238093,0.5,0.888095238095238,0.8177627354205197
svm,iterative,1,5,0.7704918032786885,0.8888888888888888,0.38095238095238093,0.5333333333333333,0.8892857142857142,0.8261361618703695
svm,iterative,1,6,0.7049180327868853,0.5714285714285714,0.5714285714285714,0.5714285714285714,0.775,0.6816047148237443
svm,iterative,1,7,0.819672131147541,0.75,0.7142857142857143,0.7317073170731707,0.8238095238095239,0.7210753977110071
svm,iterative,1,8,0.8688524590163934,0.9333333333333333,0.6666666666666666,0.7777777777777778,0.8738095238095238,0.8554746194329024
svm,iterative,1,9,0.8524590163934426,0.8,0.7619047619047619,0.7804878048780488,0.8714285714285714,0.8259235912490206
svm,iterative,2,0,0.7903225806451613,0.8,0.5454545454545454,0.6486486486486487,0.8625,0.8217751958132111
svm,iterative,2,1,0.8064516129032258,0.8125,0.5909090909090909,0.6842105263157895,0.9011363636363636,0.8425639156617415
svm,iterative,2,2,0.6935483870967742,0.5882352941176471,0.45454545454545453,0.5128205128205128,0.7738636363636364,0.6294283905203977
svm,iterative,2,3,0.8064516129032258,0.8571428571428571,0.5454545454545454,0.6666666666666666,0.8931818181818181,0.8562760090269781
svm,iterative,2,4,0.7540983606557377,0.6363636363636364,0.6666666666666666,0.6511627906976745,0.8464285714285714,0.8081998498921368
svm,iterative,2,5,0.7868852459016393,0.75,0.5714285714285714,0.6486486486486487,0.8833333333333334,0.814148774781738
svm,iterative,2,6,0.7540983606557377,0.6875,0.5238095238095238,0.5945945945945946,0.8333333333333334,0.724579787544184
svm,iterative,2,7,0.819672131147541,0.8571428571428571,0.5714285714285714,0.6857142857142857,0.8583333333333333,0.8051064101063758
svm,iterative,2,8,0.8032786885245902,0.6956521739130435,0.7619047619047619,0.7272727272727273,0.8357142857142857,0.6435404404846752
svm,iterative,2,9,0.7540983606557377,0.6875,0.5238095238095238,0.5945945945945946,0.7678571428571428,0.629698499443414
svm,iterative,3,0,0.7903225806451613,0.7368421052631579,0.6363636363636364,0.6829268292682927,0.8329545454545455,0.8028422064410659
svm,iterative,3,1,0.8709677419354839,1.0,0.6363636363636364,0.7777777777777778,0.9079545454545455,0.8920810250355704
svm,iterative,3,2,0.7419354838709677,0.8,0.36363636363636365,0.5,0.7920454545454545,0.6972798011991959
svm,iterative,3,3,0.7741935483870968,0.75,0.5454545454545454,0.631578947368421,0.8829545454545454,0.8187798528558097
svm,iterative,3,4,0.8360655737704918,0.7619047619047619,0.7619047619047619,0.7619047619047619,0.9011904761904761,0.8481032709604142
svm,iterative,3,5,0.7540983606557377,0.6875,0.5238095238095238,0.5945945945945946,0.825,0.7069237002734541
svm,iterative,3,6,0.7704918032786885,0.7058823529411765,0.5714285714285714,0.631578947368421,0.7666666666666667,0.5631214227579426
svm,iterative,3,7,0.7704918032786885,0.7333333333333333,0.5238095238095238,0.6111111111111112,0.825,0.7635532177128819
svm,iterative,3,8,0.8524590163934426,0.7727272727272727,0.8095238095238095,0.7906976744186046,0.9154761904761906,0.833170648274032
svm,iterative,3,9,0.7213114754098361,0.625,0.47619047619047616,0.5405405405405406,0.7916666666666666,0.662562693328739
svm,iterative,4,0,0.7903225806451613,0.8,0.5454545454545454,0.6486486486486487,0.8522727272727273,0.7642933335935727
svm,iterative,4,1,0.8387096774193549,0.8333333333333334,0.6818181818181818,0.75,0.8704545454545455,0.8332518601961134
svm,iterative,4,2,0.7096774193548387,0.5833333333333334,0.6363636363636364,0.6086956521739131,0.7829545454545455,0.748683360656031
svm,iterative,4,3,0.8225806451612904,0.9230769230769231,0.5454545454545454,0.6857142857142857,0.9227272727272727,0.8667283825345105
svm,iterative,4,4,0.819672131147541,0.8125,0.6190476190476191,0.7027027027027027,0.9011904761904762,0.8633911312482745
svm,iterative,4,5,0.7868852459016393,0.75,0.5714285714285714,0.6486486486486487,0.861904761904762,0.6660897558426307
svm,iterative,4,6,0.8032786885245902,0.7647058823529411,0.6190476190476191,0.6842105263157895,0.8345238095238096,0.7375819302171129
svm,iterative,4,7,0.819672131147541,0.7777777777777778,0.6666666666666666,0.717948717948718,0.8845238095238095,0.7522392505210804
svm,iterative,4,8,0.7704918032786885,0.7692307692307693,0.47619047619047616,0.5882352941176471,0.830952380952381,0.7626082182327323
svm,iterative,4,9,0.7049180327868853,0.5714285714285714,0.5714285714285714,0.5714285714285714,0.7738095238095238,0.6833865817021298
decision_tree,mean,0,0,0.7419354838709677,0.59375,0.8636363636363636,0.7037037037037037,0.8079545454545456,0.6480720532069775
decision_tree,mean,0,1,0.7419354838709677,0.59375,0.8636363636363636,0.7037037037037037,0.8323863636363636,0.6792690561072914
decision_tree,mean,0,2,0.7419354838709677,0.59375,0.8636363636363636,0.7037037037037037,0.8215909090909091,0.6758883816684568
decision_tree,mean,0,3,0.6612903225806451,0.5142857142857142,0.8181818181818182,0.631578947368421,0.7028409090909091,0.5174928580342101
decision_tree,mean,0,4,0.8032786885245902,0.6551724137931034,0.9047619047619048,0.76,0.8839285714285714,0.721418277011589
decision_tree,mean,0,5,0.7049180327868853,0.5454545454545454,0.8571428571428571,0.6666666666666666,0.8136904761904762,0.7369438727162143
decision_tree,mean,0,6,0.6229508196721312,0.4722222222222222,0.8095238095238095,0.5964912280701754,0.7666666666666667,0.6218249873048635
decision_tree,mean,0,7,0.7049180327868853,0.5483870967741935,0.8095238095238095,0.6538461538461539,0.8053571428571429,0.6974613793029514
decision_tree,mean,0,8,0.6557377049180327,0.5,0.9047619047619048,0.6440677966101694,0.7928571428571429,0.6621365883660966
decision_tree,mean,0,9,0.639344262295082,0.4864864864864865,0.8571428571428571,0.6206896551724138,0.7446428571428572,0.5422667384531792
decision_tree,mean,1,0,0.6774193548387096,0.5384615384615384,0.6363636363636364,0.5833333333333334,0.7227272727272727,0.6521435158769124
decision_tree,mean,1,1,0.6612903225806451,0.5135135135135135,0.8636363636363636,0.6440677966101694,0.8039772727272727,0.6453765828765828
decision_tree,mean,1,2,0.7096774193548387,0.5769230769230769,0.6818181818181818,0.625,0.7704545454545454,0.6326060463948255
decision_tree,mean,1,3,0.7096774193548387,0.55,1.0,0.7096774193548387,0.83125,0.6326315789473684
decision_tree,mean,1,4,0.7868852459016393,0.6538461538461539,0.8095238095238095,0.723404255319149,0.868452380952381,0.7114213206650181
decision_tree,mean,1,5,0.7049180327868853,0.5517241379310345,0.7619047619047619,0.64,0.831547619047619,0.6649169929958106
decision_tree,mean,1,6,0.7049180327868853,0.5428571428571428,0.9047619047619048,0.6785714285714286,0.8017857142857142,0.6339162631068866
decision_tree,mean,1,7,0.6721311475409836,0.5135135135135135,0.9047619047619048,0.6551724137931034,0.8101190476190476,0.682071417664638
decision_tree,mean,1,8,0.7213114754098361,0.5666666666666667,0.8095238095238095,0.6666666666666666,0.8130952380952381,0.6895572263993317
decision_tree,mean,1,9,0.7868852459016393,0.625,0.9523809523809523,0.7547169811320755,0.888095238095238,0.7393207282913165
decision_tree,mean,2,0,0.7741935483870968,0.6176470588235294,0.9545454545454546,0.75,0.8869318181818182,0.7673056587812321
decision_tree,mean,2,1,0.7419354838709677,0.6071428571428571,0.7727272727272727,0.68,0.8284090909090909,0.6513182786048639
decision_tree,mean,2,2,0.7258064516129032,0.5806451612903226,0.8181818181818182,0.6792452830188679,0.7693181818181818,0.6377137863389698
decision_tree,mean,2,3,0.6935483870967742,0.5454545454545454,0.8181818181818182,0.6545454545454545,0.822159090909091,0.6889354172657918
decision_tree,mean,2,4,0.7049180327868853,0.5428571428571428,0.9047619047619048,0.6785714285714286,0.8410714285714285,0.7753887269193392
decision_tree,mean,2,5,0.7377049180327869,0.5806451612903226,0.8571428571428571,0.6923076923076923,0.8559523809523809,0.7138545646610163
decision_tree,mean,2,6,0.5573770491803278,0.4166666666666667,0.7142857142857143,0.5263157894736842,0.6553571428571429,0.4689044873255399
decision_tree,mean,2,7,0.6229508196721312,0.47058823529411764,0.7619047619047619,0.5818181818181818,0.7535714285714286,0.6657441310336809
decision_tree,mean,2,8,0.7213114754098361,0.5555555555555556,0.9523809523809523,0.7017543859649122,0.8345238095238094,0.6300437083045779
decision_tree,mean,2,9,0.6885245901639344,0.5333333333333333,0.7619047619047619,0.6274509803921569,0.7630952380952382,0.6034391534391534
decision_tree,mean,3,0,0.6451612903225806,0.5,0.7727272727272727,0.6071428571428571,0.7642045454545455,0.6111030169379316
decision_tree,mean,3,1,0.7258064516129032,0.5675675675675675,0.9545454545454546,0.711864406779661,0.8607954545454546,0.7193921193921193
decision_tree,mean,3,2,0.6774193548387096,0.5263157894736842,0.9090909090909091,0.6666666666666666,0.7914772727272728,0.637980833560187
decision_tree,mean,3,3,0.7580645161290323,0.64,0.7272727272727273,0.6808510638297872,0.8755681818181819,0.8006793206793208
decision_tree,mean,3,4,0.7213114754098361,0.5555555555555556,0.9523809523809523,0.7017543859649122,0.8595238095238096,0.7030725623582766
decision_tree,mean,3,5,0.7540983606557377,0.6153846153846154,0.7619047619047619,0.6808510638297872,0.7744047619047618,0.5924612086627623
decision_tree,mean,3,6,0.7377049180327869,0.5714285714285714,0.9523809523809523,0.7142857142857143,0.8136904761904762,0.6012849584278156
decision_tree,mean,3,7,0.7213114754098361,0.5625,0.8571428571428571,0.6792452830188679,0.8035714285714285,0.6441663507508266
decision_tree,mean,3,8,0.7213114754098361,0.5625,0.8571428571428571,0.6792452830188679,0.8505952380952381,0.6818766778742148
decision_tree,mean,3,9,0.6885245901639344,0.5357142857142857,0.7142857142857143,0.6122448979591837,0.7101190476190476,0.5124618813042459
decision_tree,mean,4,0,0.6612903225806451,0.5142857142857142,0.8181818181818182,0.631578947368421,0.7465909090909091,0.5742965367965368
decision_tree,mean,4,1,0.6774193548387096,0.5263157894736842,0.9090909090909091,0.6666666666666666,0.7943181818181819,0.6727086227298451
decision_tree,mean,4,2,0.6290322580645161,0.4864864864864865,0.8181818181818182,0.6101694915254238,0.7670454545454546,0.6404197665177802
decision_tree,mean,4,3,0.7419354838709677,0.5882352941176471,0.9090909090909091,0.7142857142857143,0.834090909090909,0.6387466343348697
decision_tree,mean,4,4,0.7213114754098361,0.5666666666666667,0.8095238095238095,0.6666666666666666,0.8392857142857143,0.7842660873873359
decision_tree,mean,4,5,0.7540983606557377,0.5882352941176471,0.9523809523809523,0.7272727272727273,0.8386904761904762,0.6299907644217106
decision_tree,mean,4,6,0.7213114754098361,0.5769230769230769,0.7142857142857143,0.6382978723404256,0.7595238095238095,0.5928278071135213
decision_tree,mean,4,7,0.7377049180327869,0.5806451612903226,0.8571428571428571,0.6923076923076923,0.8422619047619047,0.7419260615058809
decision_tree,mean,4,8,0.7049180327868853,0.5555555555555556,0.7142857142857143,0.625,0.7238095238095239,0.589156441615458
decision_tree,mean,4,9,0.6557377049180327,0.5,0.7142857142857143,0.5882352941176471,0.7154761904761906,0.5383656003956756
decision_tree,median,0,0,0.7419354838709677,0.59375,0.8636363636363636,0.7037037037037037,0.8079545454545456,0.6480720532069775
decision_tree,median,0,1,0.7419354838709677,0.59375,0.8636363636363636,0.7037037037037037,0.8323863636363636,0.6792690561072914
decision_tree,median,0,2,0.7419354838709677,0.59375,0.8636363636363636,0.7037037037037037,0.8215909090909091,0.6758883816684568
decision_tree,median,0,3,0.6612903225806451,0.5142857142857142,0.8181818181818182,0.631578947368421,0.7028409090909091,0.5174928580342101
decision_tree,median,0,4,0.8032786885245902,0.6551724137931034,0.9047619047619048,0.76,0.8845238095238095,0.7218808117016908
decision_tree,median,0,5,0.7049180327868853,0.5454545454545454,0.8571428571428571,0.6666666666666666,0.8136904761904762,0.7369438727162143
decision_tree,median,0,6,0.6229508196721312,0.4722222222222222,0.8095238095238095,0.5964912280701754,0.7666666666666667,0.6218249873048635
decision_tree,median,0,7,0.7049180327868853,0.5483870967741935,0.8095238095238095,0.6538461538461539,0.8053571428571429,0.6974613793029514
decision_tree,median,0,8,0.6557377049180327,0.5,0.9047619047619048,0.6440677966101694,0.7892857142857144,0.659539185768694
decision_tree,median,0,9,0.639344262295082,0.4864864864864865,0.8571428571428571,0.6206896551724138,0.7446428571428572,0.5422667384531792
decision_tree,median,1,0,0.6774193548387096,0.5384615384615384,0.6363636363636364,0.5833333333333334,0.7227272727272727,0.6521435158769124
decision_tree,median,1,1,0.6612903225806451,0.5135135135135135,0.8636363636363636,0.6440677966101694,0.8039772727272727,0.6453765828765828
decision_tree,median,1,2,0.7096774193548387,0.5769230769230769,0.6818181818181818,0.625,0.7704545454545454,0.6326060463948255
decision_tree,median,1,3,0.7096774193548387,0.55,1.0,0.7096774193548387,0.83125,0.6326315789473684
decision_tree,median,1,4,0.7868852459016393,0.6538461538461539,0.8095238095238095,0.723404255319149,0.868452380952381,0.7114213206650181
decision_tree,median,1,5,0.7049180327868853,0.5517241379310345,0.7619047619047619,0.64,0.8309523809523809,0.6644339012083711
decision_tree,median,1,6,0.7049180327868853,0.5428571428571428,0.9047619047619048,0.6785714285714286,0.8017857142857142,0.6339162631068866
decision_tree,median,1,7,0.6721311475409836,0.5135135135135135,0.9047619047619048,0.6551724137931034,0.8101190476190476,0.682071417664638
decision_tree,median,1,8,0.7213114754098361,0.5666666666666667,0.8095238095238095,0.6666666666666666,0.8130952380952381,0.6895572263993317
decision_tree,median,1,9,0.7868852459016393,0.625,0.9523809523809523,0.7547169811320755,0.888095238095238,0.7393207282913165
decision_tree,median,2,0,0.7741935483870968,0.6176470588235294,0.9545454545454546,0.75,0.8869318181818182,0.7673056587812321
decision_tree,median,2,1,0.7419354838709677,0.6071428571428571,0.7727272727272727,0.68,0.8284090909090909,0.6513182786048639
decision_tree,median,2,2,0.7258064516129032,0.5806451612903226,0.8181818181818182,0.6792452830188679,0.7693181818181818,0.6377137863389698
decision_tree,median,2,3,0.6935483870967742,0.5454545454545454,0.8181818181818182,0.6545454545454545,0.822159090909091,0.6889354172657918
decision_tree,median,2,4,0.7049180327868853,0.5428571428571428,0.9047619047619048,0.6785714285714286,0.8410714285714285,0.7753887269193392
decision_tree,median,2,5,0.7377049180327869,0.5806451612903226,0.8571428571428571,0.6923076923076923,0.8559523809523809,0.7138545646610163
decision_tree,median,2,6,0.5573770491803278,0.4166666666666667,0.7142857142857143,0.5263157894736842,0.6553571428571429,0.4689044873255399
decision_tree,median,2,7,0.6229508196721312,0.47058823529411764,0.7619047619047619,0.5818181818181818,0.7535714285714286,0.6657441310336809
decision_tree,median,2,8,0.7213114754098361,0.5555555555555556,0.9523809523809523,0.7017543859649122,0.8345238095238094,0.6300437083045779
decision_tree,median,2,9,0.6885245901639344,0.5333333333333333,0.7619047619047619,0.6274509803921569,0.7630952380952382,0.6034391534391534
decision_tree,median,3,0,0.6451612903225806,0.5,0.7727272727272727,0.6071428571428571,0.7642045454545455,0.6111030169379316
decision_tree,median,3,1,0.7258064516129032,0.5675675675675675,0.9545454545454546,0.711864406779661,0.8607954545454546,0.7193921193921193
decision_tree,median,3,2,0.6774193548387096,0.5263157894736842,0.9090909090909091,0.6666666666666666,0.7914772727272728,0.637980833560187
decision_tree,median,3,3,0.7580645161290323,0.64,0.7272727272727273,0.6808510638297872,0.8755681818181819,0.8006793206793208
decision_tree,median,3,4,0.7213114754098361,0.5555555555555556,0.9523809523809523,0.7017543859649122,0.8595238095238096,0.7030725623582766
decision_tree,median,3,5,0.7540983606557377,0.6153846153846154,0.7619047619047619,0.6808510638297872,0.7744047619047618,0.5924612086627623
decision_tree,median,3,6,0.7377049180327869,0.5714285714285714,0.9523809523809523,0.7142857142857143,0.8089285714285713,0.5984206548116322
decision_tree,median,3,7,0.7213114754098361,0.5625,0.8571428571428571,0.6792452830188679,0.8035714285714285,0.6441663507508266
decision_tree,median,3,8,0.7213114754098361,0.5625,0.8571428571428571,0.6792452830188679,0.8505952380952381,0.6818766778742148
decision_tree,median,3,9,0.7213114754098361,0.5666666666666667,0.8095238095238095,0.6666666666666666,0.7648809523809524,0.562616310892173
decision_tree,median,4,0,0.6612903225806451,0.5142857142857142,0.8181818181818182,0.631578947368421,0.7465909090909091,0.5742965367965368
decision_tree,median,4,1,0.6774193548387096,0.5263157894736842,0.9090909090909091,0.6666666666666666,0.7943181818181819,0.6727086227298451
decision_tree,median,4,2,0.6290322580645161,0.4864864864864865,0.8181818181818182,0.6101694915254238,0.7670454545454546,0.6404197665177802
decision_tree,median,4,3,0.7419354838709677,0.5882352941176471,0.9090909090909091,0.7142857142857143,0.834090909090909,0.6387466343348697
decision_tree,median,4,4,0.7704918032786885,0.6206896551724138,0.8571428571428571,0.72,0.881547619047619,0.8193051933417045
decision_tree,median,4,5,0.7540983606557377,0.5882352941176471,0.9523809523809523,0.7272727272727273,0.8327380952380952,0.626108776844071
decision_tree,median,4,6,0.7213114754098361,0.5769230769230769,0.7142857142857143,0.6382978723404256,0.7595238095238095,0.5928278071135213
decision_tree,median,4,7,0.7377049180327869,0.5806451612903226,0.8571428571428571,0.6923076923076923,0.8422619047619047,0.7419260615058809
decision_tree,median,4,8,0.7049180327868853,0.5555555555555556,0.7142857142857143,0.625,0.7238095238095239,0.589156441615458
decision_tree,median,4,9,0.6557377049180327,0.5,0.7142857142857143,0.5882352941176471,0.7154761904761906,0.5383656003956756
decision_tree,knn,0,0,0.6935483870967742,0.5555555555555556,0.6818181818181818,0.6122448979591837,0.7846590909090909,0.6394680926405495
decision_tree,knn,0,1,0.7580645161290323,0.6129032258064516,0.8636363636363636,0.7169811320754716,0.86875,0.7420884462362888
decision_tree,knn,0,2,0.7903225806451613,0.6551724137931034,0.8636363636363636,0.7450980392156863,0.8335227272727274,0.6977002301302029
decision_tree,knn,0,3,0.6612903225806451,0.5172413793103449,0.6818181818181818,0.5882352941176471,0.6954545454545455,0.5210274100419926
decision_tree,knn,0,4,0.8032786885245902,0.6666666666666666,0.8571428571428571,0.75,0.8601190476190477,0.7583856438366229
decision_tree,knn,0,5,0.7540983606557377,0.6071428571428571,0.8095238095238095,0.6938775510204082,0.7773809523809525,0.708996856413856
decision_tree,knn,0,6,0.639344262295082,0.4857142857142857,0.8095238095238095,0.6071428571428571,0.7273809523809524,0.5488074470770181
decision_tree,knn,0,7,0.7540983606557377,0.6071428571428571,0.8095238095238095,0.6938775510204082,0.7851190476190475,0.6432378843340947
decision_tree,knn,0,8,0.7868852459016393,0.6333333333333333,0.9047619047619048,0.7450980392156863,0.849404761904762,0.6800076062371145
decision_tree,knn,0,9,0.7213114754098361,0.5769230769230769,0.7142857142857143,0.6382978723404256,0.7374999999999999,0.5452556487440208
decision_tree,knn,1,0,0.7419354838709677,0.6363636363636364,0.6363636363636364,0.6363636363636364,0.7386363636363635,0.6621189904914244
decision_tree,knn,1,1,0.6935483870967742,0.5428571428571428,0.8636363636363636,0.6666666666666666,0.8142045454545455,0.6343036220745198
decision_tree,knn,1,2,0.7580645161290323,0.6666666666666666,0.6363636363636364,0.6511627906976745,0.8147727272727272,0.6753506603032219
decision_tree,knn,1,3,0.6935483870967742,0.5428571428571428,0.8636363636363636,0.6666666666666666,0.778409090909091,0.6158263170445373
decision_tree,knn,1,4,0.7540983606557377,0.6,0.8571428571428571,0.7058823529411765,0.8494047619047619,0.6977801305707468
decision_tree,knn,1,5,0.7377049180327869,0.6,0.7142857142857143,0.6521739130434783,0.8333333333333334,0.6734381391358135
decision_tree,knn,1,6,0.7377049180327869,0.5714285714285714,0.9523809523809523,0.7142857142857143,0.7720238095238096,0.5984440406399354
decision_tree,knn,1,7,0.7377049180327869,0.5757575757575758,0.9047619047619048,0.7037037037037037,0.8226190476190476,0.6738581113581114
decision_tree,knn,1,8,0.7704918032786885,0.64,0.7619047619047619,0.6956521739130435,0.8428571428571427,0.7148946408357868
decision_tree,knn,1,9,0.7704918032786885,0.6666666666666666,0.6666666666666666,0.6666666666666666,0.8327380952380953,0.6890525865518621
decision_tree,knn,2,0,0.7741935483870968,0.6428571428571429,0.8181818181818182,0.72,0.8477272727272727,0.6966974081208531
decision_tree,knn,2,1,0.7258064516129032,0.6086956521739131,0.6363636363636364,0.6222222222222222,0.8039772727272728,0.6586004364473776
decision_tree,knn,2,2,0.7741935483870968,0.6333333333333333,0.8636363636363636,0.7307692307692307,0.8136363636363637,0.6776653740300216
decision_tree,knn,2,3,0.7903225806451613,0.6451612903225806,0.9090909090909091,0.7547169811320755,0.8863636363636365,0.7656787551688344
decision_tree,knn,2,4,0.7868852459016393,0.6333333333333333,0.9047619047619048,0.7450980392156863,0.8577380952380953,0.7893221262915402
decision_tree,knn,2,5,0.7540983606557377,0.6153846153846154,0.7619047619047619,0.6808510638297872,0.7964285714285714,0.708271252380907
decision_tree,knn,2,6,0.7704918032786885,0.64,0.7619047619047619,0.6956521739130435,0.8232142857142857,0.6361686632695036
decision_tree,knn,2,7,0.6557377049180327,0.5,0.7142857142857143,0.5882352941176471,0.7386904761904762,0.6410618958628326
decision_tree,knn,2,8,0.7049180327868853,0.5454545454545454,0.8571428571428571,0.6666666666666666,0.8071428571428572,0.629352025525495
decision_tree,knn,2,9,0.639344262295082,0.4827586206896552,0.6666666666666666,0.56,0.7470238095238095,0.5824160862732464
decision_tree,knn,3,0,0.7258064516129032,0.5806451612903226,0.8181818181818182,0.6792452830188679,0.8556818181818182,0.7931452342082653
decision_tree,knn,3,1,0.8225806451612904,0.6896551724137931,0.9090909090909091,0.7843137254901961,0.8835227272727273,0.768059476755129
decision_tree,knn,3,2,0.6774193548387096,0.53125,0.7727272727272727,0.6296296296296297,0.7704545454545454,0.6150397485689441
decision_tree,knn,3,3,0.7580645161290323,0.6521739130434783,0.6818181818181818,0.6666666666666666,0.7914772727272728,0.7242076232292864
decision_tree,knn,3,4,0.7704918032786885,0.6206896551724138,0.8571428571428571,0.72,0.8607142857142857,0.7193396550539408
decision_tree,knn,3,5,0.7704918032786885,0.64,0.7619047619047619,0.6956521739130435,0.8214285714285714,0.6730194902397818
decision_tree,knn,3,6,0.7213114754098361,0.5555555555555556,0.9523809523809523,0.7017543859649122,0.8416666666666666,0.6377551020408163
decision_tree,knn,3,7,0.7213114754098361,0.5714285714285714,0.7619047619047619,0.6530612244897959,0.775,0.5894773578315287
decision_tree,knn,3,8,0.7377049180327869,0.5757575757575758,0.9047619047619048,0.7037037037037037,0.8666666666666666,0.7378626196317484
decision_tree,knn,3,9,0.7377049180327869,0.5806451612903226,0.8571428571428571,0.6923076923076923,0.7744047619047618,0.548262885573262
decision_tree,knn,4,0,0.6935483870967742,0.56,0.6363636363636364,0.5957446808510638,0.7482954545454545,0.554146555712804
decision_tree,knn,4,1,0.7741935483870968,0.625,0.9090909090909091,0.7407407407407407,0.8784090909090909,0.7784339483793913
decision_tree,knn,4,2,0.6451612903225806,0.5,0.7727272727272727,0.6071428571428571,0.7306818181818182,0.6133470776317403
decision_tree,knn,4,3,0.8064516129032258,0.6785714285714286,0.8636363636363636,0.76,0.852840909090909,0.6800675971728604
decision_tree,knn,4,4,0.7868852459016393,0.6666666666666666,0.7619047619047619,0.7111111111111111,0.888095238095238,0.8088727501240756
decision_tree,knn,4,5,0.819672131147541,0.6666666666666666,0.9523809523809523,0.7843137254901961,0.8851190476190476,0.6851346720911938
decision_tree,knn,4,6,0.7377049180327869,0.6190476190476191,0.6190476190476191,0.6190476190476191,0.7511904761904762,0.5796174942563723
decision_tree,knn,4,7,0.7868852459016393,0.6428571428571429,0.8571428571428571,0.7346938775510204,0.8785714285714286,0.7542498983365494
decision_tree,knn,4,8,0.7213114754098361,0.5833333333333334,0.6666666666666666,0.6222222222222222,0.7922619047619047,0.6896240673265914
decision_tree,knn,4,9,0.6885245901639344,0.5416666666666666,0.6190476190476191,0.5777777777777777,0.6779761904761905,0.5098221992899654
decision_tree,iterative,0,0,0.6774193548387096,0.5714285714285714,0.36363636363636365,0.4444444444444444,0.8210227272727273,0.6524840885342453
decision_tree,iterative,0,1,0.7419354838709677,0.6071428571428571,0.7727272727272727,0.68,0.803409090909091,0.6377757163471449
decision_tree,iterative,0,2,0.7580645161290323,0.7058823529411765,0.5454545454545454,0.6153846153846154,0.8693181818181818,0.7038039040067439
decision_tree,iterative,0,3,0.7096774193548387,0.5909090909090909,0.5909090909090909,0.5909090909090909,0.7136363636363636,0.5286592561324264
decision_tree,iterative,0,4,0.7704918032786885,0.6842105263157895,0.6190476190476191,0.65,0.8023809523809524,0.6396863370547581
decision_tree,iterative,0,5,0.7704918032786885,0.64,0.7619047619047619,0.6956521739130435,0.8160714285714287,0.7210347225583483
decision_tree,iterative,0,6,0.7213114754098361,0.6,0.5714285714285714,0.5853658536585366,0.7488095238095238,0.6673106947697112
decision_tree,iterative,0,7,0.6885245901639344,0.5454545454545454,0.5714285714285714,0.5581395348837209,0.7255952380952382,0.5824999844027947
decision_tree,iterative,0,8,0.8032786885245902,0.7368421052631579,0.6666666666666666,0.7,0.888095238095238,0.7603184548673271
decision_tree,iterative,0,9,0.6885245901639344,0.75,0.14285714285714285,0.24,0.7089285714285715,0.4974317041490173
decision_tree,iterative,1,0,0.7419354838709677,0.6666666666666666,0.5454545454545454,0.6,0.7238636363636364,0.6396569389863109
decision_tree,iterative,1,1,0.7741935483870968,0.7222222222222222,0.5909090909090909,0.65,0.8130681818181819,0.623291063836953
decision_tree,iterative,1,2,0.7258064516129032,0.7272727272727273,0.36363636363636365,0.48484848484848486,0.7994318181818182,0.6602787955554754
decision_tree,iterative,1,3,0.7419354838709677,0.6666666666666666,0.5454545454545454,0.6,0.7875000000000001,0.6145680915699323
decision_tree,iterative,1,4,0.7868852459016393,0.8333333333333334,0.47619047619047616,0.6060606060606061,0.8303571428571428,0.6710450329888269
decision_tree,iterative,1,5,0.7377049180327869,0.7777777777777778,0.3333333333333333,0.4666666666666667,0.8797619047619047,0.7401806367525939
decision_tree,iterative,1,6,0.7049180327868853,0.5652173913043478,0.6190476190476191,0.5909090909090909,0.7220238095238096,0.5753955573303698
decision_tree,iterative,1,7,0.6065573770491803,0.45161290322580644,0.6666666666666666,0.5384615384615384,0.6946428571428571,0.564522323210483
decision_tree,iterative,1,8,0.8032786885245902,0.7647058823529411,0.6190476190476191,0.6842105263157895,0.775,0.6794780387035204
decision_tree,iterative,1,9,0.7868852459016393,0.9,0.42857142857142855,0.5806451612903226,0.8363095238095238,0.7119286005000292
decision_tree,iterative,2,0,0.7419354838709677,0.7142857142857143,0.45454545454545453,0.5555555555555556,0.7857954545454546,0.6596759805850716
decision_tree,iterative,2,1,0.7741935483870968,0.7857142857142857,0.5,0.6111111111111112,0.7931818181818182,0.6528791101371747
decision_tree,iterative,2,2,0.7096774193548387,0.7,0.3181818181818182,0.4375,0.8073863636363636,0.6429308740241223
decision_tree,iterative,2,3,0.6774193548387096,0.5625,0.4090909090909091,0.47368421052631576,0.8204545454545455,0.6789722467934542
decision_tree,iterative,2,4,0.7213114754098361,0.5833333333333334,0.6666666666666666,0.6222222222222222,0.8178571428571428,0.7311065073360155
decision_tree,iterative,2,5,0.7377049180327869,0.8571428571428571,0.2857142857142857,0.42857142857142855,0.694047619047619,0.5483272865005886
decision_tree,iterative,2,6,0.6885245901639344,0.6,0.2857142857142857,0.3870967741935484,0.8089285714285714,0.5755098938800327
decision_tree,iterative,2,7,0.7213114754098361,0.6666666666666666,0.38095238095238093,0.48484848484848486,0.7803571428571427,0.6493909394853902
decision_tree,iterative,2,8,0.8032786885245902,0.6451612903225806,0.9523809523809523,0.7692307692307693,0.8589285714285715,0.6653034275396633
decision_tree,iterative,2,9,0.7213114754098361,0.6,0.5714285714285714,0.5853658536585366,0.7011904761904761,0.6061539231142911
decision_tree,iterative,3,0,0.7580645161290323,0.6666666666666666,0.6363636363636364,0.6511627906976745,0.8159090909090909,0.7283453247375149
decision_tree,iterative,3,1,0.7419354838709677,0.75,0.4090909090909091,0.5294117647058824,0.8454545454545455,0.7000191307009489
decision_tree,iterative,3,2,0.6935483870967742,0.5483870967741935,0.7727272727272727,0.6415094339622641,0.7852272727272727,0.6229932433158238
decision_tree,iterative,3,3,0.7258064516129032,0.6190476190476191,0.5909090909090909,0.6046511627906976,0.7886363636363636,0.7138358594115515
decision_tree,iterative,3,4,0.7704918032786885,0.7058823529411765,0.5714285714285714,0.631578947368421,0.825595238095238,0.6274429388980474
decision_tree,iterative,3,5,0.7704918032786885,0.8181818181818182,0.42857142857142855,0.5625,0.8321428571428571,0.6960335803729805
decision_tree,iterative,3,6,0.7540983606557377,0.6153846153846154,0.7619047619047619,0.6808510638297872,0.7684523809523809,0.5776894774021211
decision_tree,iterative,3,7,0.7049180327868853,0.5652173913043478,0.6190476190476191,0.5909090909090909,0.7190476190476192,0.5286441863132268
decision_tree,iterative,3,8,0.819672131147541,0.7083333333333334,0.8095238095238095,0.7555555555555555,0.8821428571428571,0.6986888303708579
decision_tree,iterative,3,9,0.6885245901639344,0.55,0.5238095238095238,0.5365853658536586,0.7398809523809524,0.5582812109594024
decision_tree,iterative,4,0,0.6935483870967742,0.6666666666666666,0.2727272727272727,0.3870967741935484,0.7357954545454546,0.5428679976098049
decision_tree,iterative,4,1,0.7580645161290323,0.7333333333333333,0.5,0.5945945945945946,0.8573863636363637,0.742959001782531
decision_tree,iterative,4,2,0.7419354838709677,0.65,0.5909090909090909,0.6190476190476191,0.7585227272727273,0.6128732094900466
decision_tree,iterative,4,3,0.7903225806451613,0.9090909090909091,0.45454545454545453,0.6060606060606061,0.9039772727272728,0.7924676823089832
decision_tree,iterative,4,4,0.8032786885245902,0.6956521739130435,0.7619047619047619,0.7272727272727273,0.8529761904761904,0.7448580591475609
decision_tree,iterative,4,5,0.7049180327868853,0.5789473684210527,0.5238095238095238,0.55,0.781547619047619,0.5525906545643389
decision_tree,iterative,4,6,0.7868852459016393,0.7222222222222222,0.6190476190476191,0.6666666666666666,0.8119047619047619,0.629698769657786
decision_tree,iterative,4,7,0.7868852459016393,0.75,0.5714285714285714,0.6486486486486487,0.8553571428571429,0.6931693498513775
decision_tree,iterative,4,8,0.7377049180327869,0.6923076923076923,0.42857142857142855,0.5294117647058824,0.8446428571428571,0.6999021150806866
decision_tree,iterative,4,9,0.7213114754098361,0.6666666666666666,0.38095238095238093,0.48484848484848486,0.7458333333333333,0.5624720893141946
random_forest,mean,0,0,0.6935483870967742,0.6363636363636364,0.3181818181818182,0.42424242424242425,0.8397727272727273,0.7435608446871109
random_forest,mean,0,1,0.8064516129032258,0.8125,0.5909090909090909,0.6842105263157895,0.8727272727272728,0.7828620612197293
random_forest,mean,0,2,0.7741935483870968,0.7857142857142857,0.5,0.6111111111111112,0.8784090909090909,0.7737212332132116
random_forest,mean,0,3,0.7258064516129032,0.6190476190476191,0.5909090909090909,0.6046511627906976,0.7545454545454546,0.5693093768946691
random_forest,mean,0,4,0.8524590163934426,0.875,0.6666666666666666,0.7567567567567568,0.9178571428571429,0.8498677819599294
random_forest,mean,0,5,0.8032786885245902,0.8461538461538461,0.5238095238095238,0.6470588235294118,0.8357142857142857,0.7884796847913127
random_forest,mean,0,6,0.7377049180327869,0.6190476190476191,0.6190476190476191,0.6190476190476191,0.7928571428571429,0.7637670919669861
random_forest,mean,0,7,0.7868852459016393,0.75,0.5714285714285714,0.6486486486486487,0.8476190476190476,0.788442155748587
random_forest,mean,0,8,0.8032786885245902,0.7142857142857143,0.7142857142857143,0.7142857142857143,0.8666666666666667,0.7149107551430494
random_forest,mean,0,9,0.7213114754098361,0.6111111111111112,0.5238095238095238,0.5641025641025641,0.7999999999999999,0.7225944081797866
random_forest,mean,1,0,0.7903225806451613,0.7647058823529411,0.5909090909090909,0.6666666666666666,0.8090909090909091,0.7243479660758402
random_forest,mean,1,1,0.7419354838709677,0.6363636363636364,0.6363636363636364,0.6363636363636364,0.8136363636363636,0.734296323141339
random_forest,mean,1,2,0.7741935483870968,0.7857142857142857,0.5,0.6111111111111112,0.8295454545454546,0.7655225753561188
random_forest,mean,1,3,0.7258064516129032,0.6190476190476191,0.5909090909090909,0.6046511627906976,0.8409090909090908,0.7146836315308339
random_forest,mean,1,4,0.7540983606557377,0.75,0.42857142857142855,0.5454545454545454,0.8988095238095238,0.8255737491203639
random_forest,mean,1,5,0.7868852459016393,0.9,0.42857142857142855,0.5806451612903226,0.9297619047619048,0.868692087044282
random_forest,mean,1,6,0.6721311475409836,0.5263157894736842,0.47619047619047616,0.5,0.7738095238095237,0.6452885324210502
random_forest,mean,1,7,0.7213114754098361,0.6,0.5714285714285714,0.5853658536585366,0.769047619047619,0.6855413031241544
random_forest,mean,1,8,0.7704918032786885,0.7333333333333333,0.5238095238095238,0.6111111111111112,0.8547619047619048,0.8009954217085695
random_forest,mean,1,9,0.8688524590163934,0.8095238095238095,0.8095238095238095,0.8095238095238095,0.9035714285714285,0.8410925265800666
random_forest,mean,2,0,0.8064516129032258,0.8571428571428571,0.5454545454545454,0.6666666666666666,0.8556818181818182,0.7911871160292756
random_forest,mean,2,1,0.7258064516129032,0.6923076923076923,0.4090909090909091,0.5142857142857142,0.8613636363636363,0.7717425854202185
random_forest,mean,2,2,0.7096774193548387,0.6111111111111112,0.5,0.55,0.7897727272727273,0.6778843574036209
random_forest,mean,2,3,0.7258064516129032,0.6923076923076923,0.4090909090909091,0.5142857142857142,0.8704545454545454,0.7896113648185838
random_forest,mean,2,4,0.7704918032786885,0.6666666666666666,0.6666666666666666,0.6666666666666666,0.8333333333333333,0.7925687643191393
random_forest,mean,2,5,0.8032786885245902,0.7647058823529411,0.6190476190476191,0.6842105263157895,0.8511904761904762,0.7656693554690941
random_forest,mean,2,6,0.7377049180327869,0.631578947368421,0.5714285714285714,0.6,0.8392857142857142,0.6901733600630975
random_forest,mean,2,7,0.7704918032786885,0.7058823529411765,0.5714285714285714,0.631578947368421,0.8083333333333333,0.7583266365150443
random_forest,mean,2,8,0.7704918032786885,0.6666666666666666,0.6666666666666666,0.6666666666666666,0.8511904761904763,0.6834756983756396
random_forest,mean,2,9,0.7704918032786885,0.7333333333333333,0.5238095238095238,0.6111111111111112,0.7678571428571429,0.668922386203973
random_forest,mean,3,0,0.7903225806451613,0.7368421052631579,0.6363636363636364,0.6829268292682927,0.8465909090909091,0.7891911729592498
random_forest,mean,3,1,0.8709677419354839,0.9375,0.6818181818181818,0.7894736842105263,0.9034090909090909,0.8733037974816047
random_forest,mean,3,2,0.7419354838709677,0.7142857142857143,0.45454545454545453,0.5555555555555556,0.759090909090909,0.6422795041240738
random_forest,mean,3,3,0.7419354838709677,0.7142857142857143,0.45454545454545453,0.5555555555555556,0.8534090909090909,0.7839111969001877
random_forest,mean,3,4,0.819672131147541,0.75,0.7142857142857143,0.7317073170731707,0.9130952380952381,0.8703654936288152
random_forest,mean,3,5,0.7213114754098361,0.625,0.47619047619047616,0.5405405405405406,0.8392857142857142,0.7526251145467546
random_forest,mean,3,6,0.7540983606557377,0.6875,0.5238095238095238,0.5945945945945946,0.8452380952380952,0.6951325973446918
random_forest,mean,3,7,0.7049180327868853,0.5789473684210527,0.5238095238095238,0.55,0.838095238095238,0.7564485375496017
random_forest,mean,3,8,0.7868852459016393,0.7,0.6666666666666666,0.6829268292682927,0.9023809523809523,0.8188005295808853
random_forest,mean,3,9,0.6721311475409836,0.5294117647058824,0.42857142857142855,0.47368421052631576,0.7488095238095237,0.5459713700990761
random_forest,mean,4,0,0.7741935483870968,0.75,0.5454545454545454,0.631578947368421,0.8363636363636364,0.6995597273987085
random_forest,mean,4,1,0.8225806451612904,0.8235294117647058,0.6363636363636364,0.717948717948718,0.8965909090909091,0.8327231244057276
random_forest,mean,4,2,0.6935483870967742,0.5652173913043478,0.5909090909090909,0.5777777777777777,0.7795454545454545,0.7506369190620552
random_forest,mean,4,3,0.7580645161290323,0.8888888888888888,0.36363636363636365,0.5161290322580645,0.9113636363636364,0.8489937355308168
random_forest,mean,4,4,0.819672131147541,0.7777777777777778,0.6666666666666666,0.717948717948718,0.9214285714285714,0.88161013838371
random_forest,mean,4,5,0.7049180327868853,0.6363636363636364,0.3333333333333333,0.4375,0.8678571428571428,0.679273796594613
random_forest,mean,4,6,0.7704918032786885,0.6842105263157895,0.6190476190476191,0.65,0.7607142857142857,0.6556612669547623
random_forest,mean,4,7,0.819672131147541,0.75,0.7142857142857143,0.7317073170731707,0.8869047619047619,0.7014477364985989
random_forest,mean,4,8,0.7704918032786885,0.7333333333333333,0.5238095238095238,0.6111111111111112,0.8142857142857143,0.7570794586126861
random_forest,mean,4,9,0.7213114754098361,0.6111111111111112,0.5238095238095238,0.5641025641025641,0.7321428571428572,0.6837627402257411
random_forest,median,0,0,0.7096774193548387,0.7,0.3181818181818182,0.4375,0.8375,0.7424471334516312
random_forest,median,0,1,0.7903225806451613,0.8,0.5454545454545454,0.6486486486486487,0.8738636363636364,0.7856411597376732
random_forest,median,0,2,0.7741935483870968,0.7857142857142857,0.5,0.6111111111111112,0.890909090909091,0.7546564380375028
random_forest,median,0,3,0.7258064516129032,0.6190476190476191,0.5909090909090909,0.6046511627906976,0.7454545454545455,0.5798064119269365
random_forest,median,0,4,0.8032786885245902,0.8,0.5714285714285714,0.6666666666666666,0.905952380952381,0.8367221321676555
random_forest,median,0,5,0.8032786885245902,0.8461538461538461,0.5238095238095238,0.6470588235294118,0.8380952380952381,0.7971612405109945
random_forest,median,0,6,0.7540983606557377,0.65,0.6190476190476191,0.6341463414634146,0.7892857142857143,0.7514655392668042
random_forest,median,0,7,0.7704918032786885,0.7333333333333333,0.5238095238095238,0.6111111111111112,0.8440476190476189,0.770765789570687
random_forest,median,0,8,0.8032786885245902,0.7142857142857143,0.7142857142857143,0.7142857142857143,0.8595238095238096,0.7175281087872727
random_forest,median,0,9,0.7049180327868853,0.5882352941176471,0.47619047619047616,0.5263157894736842,0.8107142857142857,0.7334491975009971
random_forest,median,1,0,0.7903225806451613,0.7647058823529411,0.5909090909090909,0.6666666666666666,0.8113636363636364,0.7274324876255934
random_forest,median,1,1,0.7741935483870968,0.6818181818181818,0.6818181818181818,0.6818181818181818,0.8340909090909091,0.7598647442944773
random_forest,median,1,2,0.7741935483870968,0.7857142857142857,0.5,0.6111111111111112,0.8329545454545455,0.7141890145840295
random_forest,median,1,3,0.7258064516129032,0.631578947368421,0.5454545454545454,0.5853658536585366,0.8420454545454545,0.6748608880995244
random_forest,median,1,4,0.7540983606557377,0.8,0.38095238095238093,0.5161290322580645,0.907142857142857,0.8351079393753216
random_forest,median,1,5,0.7868852459016393,0.9,0.42857142857142855,0.5806451612903226,0.9190476190476191,0.8544308709593247
random_forest,median,1,6,0.6885245901639344,0.55,0.5238095238095238,0.5365853658536586,0.7654761904761905,0.6530964706775064
random_forest,median,1,7,0.7213114754098361,0.6111111111111112,0.5238095238095238,0.5641025641025641,0.7761904761904762,0.6497555029061983
random_forest,median,1,8,0.8032786885245902,0.8,0.5714285714285714,0.6666666666666666,0.8607142857142857,0.8187378279422648
random_forest,median,1,9,0.8688524590163934,0.8095238095238095,0.8095238095238095,0.8095238095238095,0.9107142857142857,0.8545882175305
random_forest,median,2,0,0.7903225806451613,0.8461538461538461,0.5,0.6285714285714286,0.8454545454545455,0.7794808271769607
random_forest,median,2,1,0.7419354838709677,0.7142857142857143,0.45454545454545453,0.5555555555555556,0.8545454545454545,0.7658269380691642
random_forest,median,2,2,0.7096774193548387,0.6111111111111112,0.5,0.55,0.7875000000000001,0.646209987056808
random_forest,median,2,3,0.7258064516129032,0.6923076923076923,0.4090909090909091,0.5142857142857142,0.8681818181818182,0.7910956307291612
random_forest,median,2,4,0.7377049180327869,0.6190476190476191,0.6190476190476191,0.6190476190476191,0.8238095238095238,0.7873345317862979
random_forest,median,2,5,0.8032786885245902,0.7647058823529411,0.6190476190476191,0.6842105263157895,0.8476190476190476,0.7749412717352067
random_forest,median,2,6,0.7868852459016393,0.7222222222222222,0.6190476190476191,0.6666666666666666,0.8464285714285714,0.6827387134073601
random_forest,median,2,7,0.7868852459016393,0.75,0.5714285714285714,0.6486486486486487,0.8107142857142856,0.7561591866866408
random_forest,median,2,8,0.7704918032786885,0.6666666666666666,0.6666666666666666,0.6666666666666666,0.8511904761904762,0.6603217198002946
random_forest,median,2,9,0.7704918032786885,0.7333333333333333,0.5238095238095238,0.6111111111111112,0.763095238095238,0.6354432169047755
random_forest,median,3,0,0.7580645161290323,0.7058823529411765,0.5454545454545454,0.6153846153846154,0.8477272727272727,0.8004848821813288
random_forest,median,3,1,0.8225806451612904,0.9230769230769231,0.5454545454545454,0.6857142857142857,0.9090909090909091,0.8884709343621344
random_forest,median,3,2,0.7741935483870968,0.8333333333333334,0.45454545454545453,0.5882352941176471,0.7579545454545454,0.6337762378689852
random_forest,median,3,3,0.7580645161290323,0.7692307692307693,0.45454545454545453,0.5714285714285714,0.8522727272727273,0.7847848229775718
random_forest,median,3,4,0.8032786885245902,0.7368421052631579,0.6666666666666666,0.7,0.9154761904761904,0.875892704513169
random_forest,median,3,5,0.7540983606557377,0.6666666666666666,0.5714285714285714,0.6153846153846154,0.8333333333333333,0.7378546332915015
random_forest,median,3,6,0.7540983606557377,0.6875,0.5238095238095238,0.5945945945945946,0.8416666666666667,0.6652111503606359
random_forest,median,3,7,0.7377049180327869,0.6470588235294118,0.5238095238095238,0.5789473684210527,0.8416666666666667,0.7622960936852285
random_forest,median,3,8,0.7868852459016393,0.7,0.6666666666666666,0.6829268292682927,0.8988095238095237,0.8111526219329777
random_forest,median,3,9,0.6721311475409836,0.5294117647058824,0.42857142857142855,0.47368421052631576,0.7535714285714286,0.5406334452954304
random_forest,median,4,0,0.7903225806451613,0.7647058823529411,0.5909090909090909,0.6666666666666666,0.8409090909090908,0.7092039250841969
random_forest,median,4,1,0.8064516129032258,0.8125,0.5909090909090909,0.6842105263157895,0.8988636363636364,0.837483365445242
random_forest,median,4,2,0.6935483870967742,0.5652173913043478,0.5909090909090909,0.5777777777777777,0.7806818181818181,0.7542701069547662
random_forest,median,4,3,0.7903225806451613,0.9090909090909091,0.45454545454545453,0.6060606060606061,0.9204545454545455,0.8617891448052011
random_forest,median,4,4,0.819672131147541,0.7777777777777778,0.6666666666666666,0.717948717948718,0.9249999999999999,0.8872291368287955
random_forest,median,4,5,0.7049180327868853,0.6363636363636364,0.3333333333333333,0.4375,0.8678571428571429,0.6526005982185994
random_forest,median,4,6,0.7704918032786885,0.7058823529411765,0.5714285714285714,0.631578947368421,0.7535714285714286,0.6416254935161092
random_forest,median,4,7,0.8032786885245902,0.7647058823529411,0.6190476190476191,0.6842105263157895,0.8821428571428571,0.7094518368931582
random_forest,median,4,8,0.7704918032786885,0.7333333333333333,0.5238095238095238,0.6111111111111112,0.825,0.7594327611072886
random_forest,median,4,9,0.7213114754098361,0.6,0.5714285714285714,0.5853658536585366,0.7321428571428571,0.6835182908550461
random_forest,knn,0,0,0.7419354838709677,0.7142857142857143,0.45454545454545453,0.5555555555555556,0.8352272727272727,0.7254320511856424
random_forest,knn,0,1,0.8064516129032258,0.7777777777777778,0.6363636363636364,0.7,0.8647727272727272,0.764732752427138
random_forest,knn,0,2,0.7903225806451613,0.7647058823529411,0.5909090909090909,0.6666666666666666,0.8852272727272726,0.7955304485432657
random_forest,knn,0,3,0.7096774193548387,0.5909090909090909,0.5909090909090909,0.5909090909090909,0.7454545454545455,0.5819542125273349
random_forest,knn,0,4,0.819672131147541,0.8125,0.6190476190476191,0.7027027027027027,0.8821428571428571,0.8103603414947955
random_forest,knn,0,5,0.8032786885245902,0.8,0.5714285714285714,0.6666666666666666,0.8416666666666667,0.7918243281217776
random_forest,knn,0,6,0.7213114754098361,0.5909090909090909,0.6190476190476191,0.6046511627906976,0.8202380952380953,0.7842865736097395
random_forest,knn,0,7,0.7377049180327869,0.631578947368421,0.5714285714285714,0.6,0.8154761904761905,0.710594733241048
random_forest,knn,0,8,0.8360655737704918,0.7391304347826086,0.8095238095238095,0.7727272727272727,0.8761904761904762,0.759941119782835
random_forest,knn,0,9,0.7540983606557377,0.6875,0.5238095238095238,0.5945945945945946,0.7916666666666666,0.7071873545014586
random_forest,knn,1,0,0.8064516129032258,0.7777777777777778,0.6363636363636364,0.7,0.8261363636363637,0.7279715851227673
random_forest,knn,1,1,0.7741935483870968,0.6666666666666666,0.7272727272727273,0.6956521739130435,0.8397727272727273,0.7631285622340627
random_forest,knn,1,2,0.7741935483870968,0.7857142857142857,0.5,0.6111111111111112,0.8488636363636364,0.7533654621061
random_forest,knn,1,3,0.7419354838709677,0.65,0.5909090909090909,0.6190476190476191,0.8238636363636364,0.6608130710462309
random_forest,knn,1,4,0.7704918032786885,0.7692307692307693,0.47619047619047616,0.5882352941176471,0.9,0.8284726747680575
random_forest,knn,1,5,0.8032786885245902,0.9090909090909091,0.47619047619047616,0.625,0.8999999999999999,0.8253536716421872
random_forest,knn,1,6,0.6721311475409836,0.5217391304347826,0.5714285714285714,0.5454545454545454,0.7773809523809524,0.6486149009368869
random_forest,knn,1,7,0.6885245901639344,0.5416666666666666,0.6190476190476191,0.5777777777777777,0.7785714285714286,0.6704043123924739
random_forest,knn,1,8,0.8032786885245902,0.8,0.5714285714285714,0.6666666666666666,0.8547619047619048,0.8067973547650202
random_forest,knn,1,9,0.8524590163934426,0.7727272727272727,0.8095238095238095,0.7906976744186046,0.9119047619047619,0.8471640624693335
random_forest,knn,2,0,0.7903225806451613,0.8461538461538461,0.5,0.6285714285714286,0.8454545454545455,0.7573167722493459
random_forest,knn,2,1,0.7258064516129032,0.6666666666666666,0.45454545454545453,0.5405405405405406,0.8727272727272728,0.801612175681012
random_forest,knn,2,2,0.6935483870967742,0.5882352941176471,0.45454545454545453,0.5128205128205128,0.7909090909090909,0.6660625134170168
random_forest,knn,2,3,0.7741935483870968,0.75,0.5454545454545454,0.631578947368421,0.890909090909091,0.8218326665447822
random_forest,knn,2,4,0.7540983606557377,0.6363636363636364,0.6666666666666666,0.6511627906976745,0.8535714285714285,0.8119952559360064
random_forest,knn,2,5,0.8032786885245902,0.7368421052631579,0.6666666666666666,0.7,0.8297619047619048,0.7234897669687284
random_forest,knn,2,6,0.7377049180327869,0.631578947368421,0.5714285714285714,0.6,0.8535714285714285,0.7059875061135565
random_forest,knn,2,7,0.7704918032786885,0.6842105263157895,0.6190476190476191,0.65,0.8369047619047618,0.7773287690952035
random_forest,knn,2,8,0.819672131147541,0.7272727272727273,0.7619047619047619,0.7441860465116279,0.8416666666666666,0.6755753786028
random_forest,knn,2,9,0.7540983606557377,0.6875,0.5238095238095238,0.5945945945945946,0.7619047619047619,0.66177697846565
random_forest,knn,3,0,0.7741935483870968,0.7222222222222222,0.5909090909090909,0.65,0.875,0.8211704168309057
random_forest,knn,3,1,0.8064516129032258,0.8125,0.5909090909090909,0.6842105263157895,0.8909090909090909,0.8540198518403554
random_forest,knn,3,2,0.7741935483870968,0.7857142857142857,0.5,0.6111111111111112,0.7693181818181818,0.6724771210806849
random_forest,knn,3,3,0.7580645161290323,0.6842105263157895,0.5909090909090909,0.6341463414634146,0.85,0.7862409547819098
random_forest,knn,3,4,0.819672131147541,0.75,0.7142857142857143,0.7317073170731707,0.8928571428571428,0.8501680880302067
random_forest,knn,3,5,0.7213114754098361,0.625,0.47619047619047616,0.5405405405405406,0.819047619047619,0.70989356542928
random_forest,knn,3,6,0.7868852459016393,0.7222222222222222,0.6190476190476191,0.6666666666666666,0.8357142857142857,0.6472003175340002
random_forest,knn,3,7,0.7213114754098361,0.6,0.5714285714285714,0.5853658536585366,0.8273809523809523,0.755660114365204
random_forest,knn,3,8,0.8032786885245902,0.7142857142857143,0.7142857142857143,0.7142857142857143,0.9142857142857143,0.8656299224868829
random_forest,knn,3,9,0.6721311475409836,0.5294117647058824,0.42857142857142855,0.47368421052631576,0.769047619047619,0.5624487306903718
random_forest,knn,4,0,0.7258064516129032,0.6470588235294118,0.5,0.5641025641025641,0.85,0.7373599173929152
random_forest,knn,4,1,0.7580645161290323,0.6842105263157895,0.5909090909090909,0.6341463414634146,0.8795454545454546,0.8161321061159263
random_forest,knn,4,2,0.6774193548387096,0.5416666666666666,0.5909090909090909,0.5652173913043478,0.7795454545454545,0.7382617864361622
random_forest,knn,4,3,0.7741935483870968,0.9,0.4090909090909091,0.5625,0.9295454545454545,0.848365531447495
random_forest,knn,4,4,0.819672131147541,0.7777777777777778,0.6666666666666666,0.717948717948718,0.9202380952380952,0.8812921640527422
random_forest,knn,4,5,0.7213114754098361,0.6428571428571429,0.42857142857142855,0.5142857142857142,0.8666666666666667,0.6540904926515994
random_forest,knn,4,6,0.7868852459016393,0.7,0.6666666666666666,0.6829268292682927,0.7809523809523808,0.6910874134116682
random_forest,knn,4,7,0.8032786885245902,0.7368421052631579,0.6666666666666666,0.7,0.8904761904761904,0.7361918605594933
random_forest,knn,4,8,0.7540983606557377,0.6875,0.5238095238095238,0.5945945945945946,0.819047619047619,0.7426724419221504
random_forest,knn,4,9,0.6885245901639344,0.5454545454545454,0.5714285714285714,0.5581395348837209,0.7535714285714286,0.6842874099356693
random_forest,iterative,0,0,0.7096774193548387,0.6428571428571429,0.4090909090909091,0.5,0.8250000000000001,0.7199339670162219
random_forest,iterative,0,1,0.8225806451612904,0.7894736842105263,0.6818181818181818,0.7317073170731707,0.8556818181818182,0.7472788246411698
random_forest,iterative,0,2,0.7741935483870968,0.7222222222222222,0.5909090909090909,0.65,0.8875,0.7690317118050497
random_forest,iterative,0,3,0.7258064516129032,0.6,0.6818181818181818,0.6382978723404256,0.7556818181818182,0.5776313877249706
random_forest,iterative,0,4,0.8360655737704918,0.8666666666666667,0.6190476190476191,0.7222222222222222,0.8880952380952383,0.814216935585174
random_forest,iterative,0,5,0.8032786885245902,0.8461538461538461,0.5238095238095238,0.6470588235294118,0.8488095238095239,0.8060014091060239
random_forest,iterative,0,6,0.7540983606557377,0.65,0.6190476190476191,0.6341463414634146,0.7940476190476191,0.7148775096343487
random_forest,iterative,0,7,0.7704918032786885,0.7333333333333333,0.5238095238095238,0.6111111111111112,0.8357142857142857,0.7392764895559929
random_forest,iterative,0,8,0.819672131147541,0.7272727272727273,0.7619047619047619,0.7441860465116279,0.8595238095238096,0.7482962997257678
random_forest,iterative,0,9,0.7049180327868853,0.5789473684210527,0.5238095238095238,0.55,0.775,0.6938071879389756
random_forest,iterative,1,0,0.8225806451612904,0.8235294117647058,0.6363636363636364,0.717948717948718,0.8272727272727274,0.7383322161716218
random_forest,iterative,1,1,0.7741935483870968,0.6666666666666666,0.7272727272727273,0.6956521739130435,0.8397727272727272,0.7451788948803977
random_forest,iterative,1,2,0.7741935483870968,0.75,0.5454545454545454,0.631578947368421,0.85,0.7648337960785188
random_forest,iterative,1,3,0.7096774193548387,0.5909090909090909,0.5909090909090909,0.5909090909090909,0.825,0.7014706497241734
random_forest,iterative,1,4,0.7704918032786885,0.7333333333333333,0.5238095238095238,0.6111111111111112,0.8869047619047619,0.8113214951112644
random_forest,iterative,1,5,0.8032786885245902,0.9090909090909091,0.47619047619047616,0.625,0.8976190476190476,0.8422359603976328
random_forest,iterative,1,6,0.7213114754098361,0.5909090909090909,0.6190476190476191,0.6046511627906976,0.769047619047619,0.6233766147463519
random_forest,iterative,1,7,0.6885245901639344,0.5416666666666666,0.6190476190476191,0.5777777777777777,0.780952380952381,0.6646468852776648
random_forest,iterative,1,8,0.7868852459016393,0.7857142857142857,0.5238095238095238,0.6285714285714286,0.8571428571428572,0.8036554494205979
random_forest,iterative,1,9,0.8688524590163934,0.8095238095238095,0.8095238095238095,0.8095238095238095,0.8773809523809524,0.8216953432090541
random_forest,iterative,2,0,0.8225806451612904,0.8666666666666667,0.5909090909090909,0.7027027027027027,0.8238636363636364,0.7558564836224826
random_forest,iterative,2,1,0.7419354838709677,0.7142857142857143,0.45454545454545453,0.5555555555555556,0.8613636363636363,0.7757742823638447
random_forest,iterative,2,2,0.7096774193548387,0.6111111111111112,0.5,0.55,0.7897727272727273,0.6693367579663216
random_forest,iterative,2,3,0.7580645161290323,0.7058823529411765,0.5454545454545454,0.6153846153846154,0.8829545454545454,0.8111972867435437
random_forest,iterative,2,4,0.7540983606557377,0.6363636363636364,0.6666666666666666,0.6511627906976745,0.8214285714285714,0.7648444427095802
random_forest,iterative,2,5,0.7868852459016393,0.7222222222222222,0.6190476190476191,0.6666666666666666,0.8547619047619047,0.7958601321831205
random_forest,iterative,2,6,0.7540983606557377,0.65,0.6190476190476191,0.6341463414634146,0.8464285714285714,0.690572228257061
random_forest,iterative,2,7,0.7704918032786885,0.7058823529411765,0.5714285714285714,0.631578947368421,0.8440476190476189,0.7849850497037849
random_forest,iterative,2,8,0.7540983606557377,0.6363636363636364,0.6666666666666666,0.6511627906976745,0.8476190476190476,0.6842140727474781
random_forest,iterative,2,9,0.7540983606557377,0.6875,0.5238095238095238,0.5945945945945946,0.7738095238095238,0.6567050147758533
random_forest,iterative,3,0,0.7903225806451613,0.7368421052631579,0.6363636363636364,0.6829268292682927,0.8522727272727273,0.8093538147328541
random_forest,iterative,3,1,0.8709677419354839,0.9375,0.6818181818181818,0.7894736842105263,0.9034090909090909,0.8803500048544803
random_forest,iterative,3,2,0.7258064516129032,0.6666666666666666,0.45454545454545453,0.5405405405405406,0.7659090909090909,0.6460485400754
random_forest,iterative,3,3,0.7741935483870968,0.75,0.5454545454545454,0.631578947368421,0.8568181818181818,0.7854132837167482
random_forest,iterative,3,4,0.819672131147541,0.7272727272727273,0.7619047619047619,0.7441860465116279,0.9047619047619048,0.8520133276543052
random_forest,iterative,3,5,0.7540983606557377,0.6666666666666666,0.5714285714285714,0.6153846153846154,0.8214285714285714,0.710555623378818
random_forest,iterative,3,6,0.7704918032786885,0.7058823529411765,0.5714285714285714,0.631578947368421,0.8535714285714285,0.6588454761629585
random_forest,iterative,3,7,0.7049180327868853,0.5789473684210527,0.5238095238095238,0.55,0.8142857142857143,0.7329960662626704
random_forest,iterative,3,8,0.7868852459016393,0.7,0.6666666666666666,0.6829268292682927,0.9023809523809524,0.8288003357711677
random_forest,iterative,3,9,0.6885245901639344,0.5625,0.42857142857142855,0.4864864864864865,0.7761904761904762,0.5893886494802505
random_forest,iterative,4,0,0.7419354838709677,0.6875,0.5,0.5789473684210527,0.8340909090909091,0.7046540838966756
random_forest,iterative,4,1,0.8064516129032258,0.7777777777777778,0.6363636363636364,0.7,0.8897727272727273,0.817041519682173
random_forest,iterative,4,2,0.6935483870967742,0.5652173913043478,0.5909090909090909,0.5777777777777777,0.7727272727272727,0.7418162007233173
random_forest,iterative,4,3,0.8387096774193549,0.9285714285714286,0.5909090909090909,0.7222222222222222,0.9193181818181818,0.8500937337215808
random_forest,iterative,4,4,0.7868852459016393,0.7,0.6666666666666666,0.6829268292682927,0.9071428571428571,0.8706870117054628
random_forest,iterative,4,5,0.7377049180327869,0.6923076923076923,0.42857142857142855,0.5294117647058824,0.8726190476190476,0.6517187002788281
random_forest,iterative,4,6,0.7704918032786885,0.6842105263157895,0.6190476190476191,0.65,0.7892857142857144,0.6991841632603424
random_forest,iterative,4,7,0.8032786885245902,0.7368421052631579,0.6666666666666666,0.7,0.8726190476190476,0.714259774364852
random_forest,iterative,4,8,0.7868852459016393,0.75,0.5714285714285714,0.6486486486486487,0.8333333333333333,0.757233396801638
random_forest,iterative,4,9,0.6885245901639344,0.55,0.5238095238095238,0.5365853658536586,0.763095238095238,0.7123001716056359
xgboost,mean,0,0,0.7580645161290323,0.6521739130434783,0.6818181818181818,0.6666666666666666,0.8420454545454545,0.7366747421168391
xgboost,mean,0,1,0.8387096774193549,0.75,0.8181818181818182,0.782608695652174,0.8738636363636364,0.7826089966516578
xgboost,mean,0,2,0.7580645161290323,0.6206896551724138,0.8181818181818182,0.7058823529411765,0.8772727272727272,0.7379523944134875
xgboost,mean,0,3,0.7258064516129032,0.5925925925925926,0.7272727272727273,0.6530612244897959,0.7659090909090909,0.5738507985587917
xgboost,mean,0,4,0.8360655737704918,0.7391304347826086,0.8095238095238095,0.7727272727272727,0.9178571428571429,0.8453943271170163
xgboost,mean,0,5,0.7377049180327869,0.6,0.7142857142857143,0.6521739130434783,0.8404761904761905,0.7960576482475277
xgboost,mean,0,6,0.7540983606557377,0.6071428571428571,0.8095238095238095,0.6938775510204082,0.8166666666666667,0.7641123022529115
xgboost,mean,0,7,0.7868852459016393,0.6666666666666666,0.7619047619047619,0.7111111111111111,0.8273809523809523,0.7588633254006878
xgboost,mean,0,8,0.8032786885245902,0.68,0.8095238095238095,0.7391304347826086,0.8785714285714286,0.7627254186725516
xgboost,mean,0,9,0.6885245901639344,0.5416666666666666,0.6190476190476191,0.5777777777777777,0.7833333333333333,0.7170223430589222
xgboost,mean,1,0,0.7580645161290323,0.6521739130434783,0.6818181818181818,0.6666666666666666,0.8068181818181819,0.7150308773811841
xgboost,mean,1,1,0.7096774193548387,0.5625,0.8181818181818182,0.6666666666666666,0.8227272727272728,0.7375382642428095
xgboost,mean,1,2,0.8225806451612904,0.7894736842105263,0.6818181818181818,0.7317073170731707,0.8602272727272728,0.7958485138573304
xgboost,mean,1,3,0.7258064516129032,0.5757575757575758,0.8636363636363636,0.6909090909090909,0.8352272727272727,0.67589130655588
xgboost,mean,1,4,0.8360655737704918,0.7619047619047619,0.7619047619047619,0.7619047619047619,0.8964285714285714,0.8178911403981435
xgboost,mean,1,5,0.7868852459016393,0.7222222222222222,0.6190476190476191,0.6666666666666666,0.9107142857142857,0.8340965691474318
xgboost,mean,1,6,0.7377049180327869,0.5757575757575758,0.9047619047619048,0.7037037037037037,0.7976190476190477,0.6812411813063646
xgboost,mean,1,7,0.639344262295082,0.4838709677419355,0.7142857142857143,0.5769230769230769,0.7654761904761904,0.6789558876869102
xgboost,mean,1,8,0.8360655737704918,0.72,0.8571428571428571,0.782608695652174,0.8678571428571429,0.8355326323172663
xgboost,mean,1,9,0.819672131147541,0.7083333333333334,0.8095238095238095,0.7555555555555555,0.9083333333333333,0.8791960313890141
xgboost,mean,2,0,0.7096774193548387,0.5909090909090909,0.5909090909090909,0.5909090909090909,0.8329545454545455,0.7554534087306752
xgboost,mean,2,1,0.8064516129032258,0.75,0.6818181818181818,0.7142857142857143,0.8420454545454547,0.7679437322398102
xgboost,mean,2,2,0.7096774193548387,0.5769230769230769,0.6818181818181818,0.625,0.8,0.6658643607562325
xgboost,mean,2,3,0.8225806451612904,0.6896551724137931,0.9090909090909091,0.7843137254901961,0.9045454545454547,0.8446945609325991
xgboost,mean,2,4,0.7540983606557377,0.6071428571428571,0.8095238095238095,0.6938775510204082,0.8476190476190477,0.8046215012811655
xgboost,mean,2,5,0.8032786885245902,0.6956521739130435,0.7619047619047619,0.7272727272727273,0.85,0.79597672554377
xgboost,mean,2,6,0.7704918032786885,0.6296296296296297,0.8095238095238095,0.7083333333333334,0.8523809523809524,0.7245974546218317
xgboost,mean,2,7,0.7540983606557377,0.6153846153846154,0.7619047619047619,0.6808510638297872,0.8214285714285714,0.7662893267443438
xgboost,mean,2,8,0.7704918032786885,0.6206896551724138,0.8571428571428571,0.72,0.855952380952381,0.6890510475226577
xgboost,mean,2,9,0.6885245901639344,0.5384615384615384,0.6666666666666666,0.5957446808510638,0.7892857142857143,0.6863239618674402
xgboost,mean,3,0,0.7580645161290323,0.64,0.7272727272727273,0.6808510638297872,0.8636363636363635,0.8024565366357306
xgboost,mean,3,1,0.8225806451612904,0.7037037037037037,0.8636363636363636,0.7755102040816326,0.8988636363636364,0.8816439872803965
xgboost,mean,3,2,0.7096774193548387,0.5909090909090909,0.5909090909090909,0.5909090909090909,0.7704545454545455,0.6673446413930068
xgboost,mean,3,3,0.7419354838709677,0.65,0.5909090909090909,0.6190476190476191,0.8329545454545455,0.7716466163949061
xgboost,mean,3,4,0.8032786885245902,0.6551724137931034,0.9047619047619048,0.76,0.9166666666666667,0.8717031042341603
xgboost,mean,3,5,0.7868852459016393,0.6428571428571429,0.8571428571428571,0.7346938775510204,0.8273809523809523,0.7397373048375557
xgboost,mean,3,6,0.7377049180327869,0.6,0.7142857142857143,0.6521739130434783,0.8273809523809523,0.6390216840279352
xgboost,mean,3,7,0.7377049180327869,0.5862068965517241,0.8095238095238095,0.68,0.825,0.7379454285210552
xgboost,mean,3,8,0.8360655737704918,0.7037037037037037,0.9047619047619048,0.7916666666666666,0.8928571428571429,0.7934413316918494
xgboost,mean,3,9,0.7377049180327869,0.5925925925925926,0.7619047619047619,0.6666666666666666,0.7595238095238095,0.5833976361248396
xgboost,mean,4,0,0.7580645161290323,0.6296296296296297,0.7727272727272727,0.6938775510204082,0.8352272727272727,0.6960349048827911
xgboost,mean,4,1,0.7580645161290323,0.64,0.7272727272727273,0.6808510638297872,0.8931818181818181,0.8377705528124186
xgboost,mean,4,2,0.5967741935483871,0.45454545454545453,0.6818181818181818,0.5454545454545454,0.7693181818181818,0.740209917220128
xgboost,mean,4,3,0.8548387096774194,0.782608695652174,0.8181818181818182,0.8,0.9306818181818182,0.8799930856991063
xgboost,mean,4,4,0.8852459016393442,0.7692307692307693,0.9523809523809523,0.851063829787234,0.9261904761904761,0.887385590904042
xgboost,mean,4,5,0.8524590163934426,0.75,0.8571428571428571,0.8,0.8940476190476191,0.7089492615934807
xgboost,mean,4,6,0.7377049180327869,0.6190476190476191,0.6190476190476191,0.6190476190476191,0.7761904761904762,0.6809761752817922
xgboost,mean,4,7,0.819672131147541,0.7272727272727273,0.7619047619047619,0.7441860465116279,0.8892857142857142,0.7469258091505846
xgboost,mean,4,8,0.7377049180327869,0.6086956521739131,0.6666666666666666,0.6363636363636364,0.8380952380952381,0.7761760664014508
xgboost,mean,4,9,0.6721311475409836,0.5185185185185185,0.6666666666666666,0.5833333333333334,0.7404761904761905,0.6982804569076302
xgboost,median,0,0,0.7419354838709677,0.625,0.6818181818181818,0.6521739130434783,0.8465909090909091,0.744985755187165
xgboost,median,0,1,0.8225806451612904,0.72,0.8181818181818182,0.7659574468085106,0.8738636363636364,0.7829300472119428
xgboost,median,0,2,0.7580645161290323,0.6206896551724138,0.8181818181818182,0.7058823529411765,0.8784090909090909,0.7376968993560645
xgboost,median,0,3,0.7258064516129032,0.5925925925925926,0.7272727272727273,0.6530612244897959,0.7681818181818182,0.5782716266497423
xgboost,median,0,4,0.8360655737704918,0.7391304347826086,0.8095238095238095,0.7727272727272727,0.9190476190476191,0.8526910470715203
xgboost,median,0,5,0.7377049180327869,0.6,0.7142857142857143,0.6521739130434783,0.8392857142857143,0.7955303055274938
xgboost,median,0,6,0.7540983606557377,0.6071428571428571,0.8095238095238095,0.6938775510204082,0.8154761904761905,0.7609380844896458
xgboost,median,0,7,0.7868852459016393,0.6666666666666666,0.7619047619047619,0.7111111111111111,0.8273809523809523,0.7618575533949159
xgboost,median,0,8,0.8032786885245902,0.68,0.8095238095238095,0.7391304347826086,0.875,0.7593465132736741
xgboost,median,0,9,0.7049180327868853,0.5652173913043478,0.6190476190476191,0.5909090909090909,0.786904761904762,0.7186223959890246
xgboost,median,1,0,0.7580645161290323,0.6521739130434783,0.6818181818181818,0.6666666666666666,0.8045454545454546,0.7145852893563173
xgboost,median,1,1,0.7096774193548387,0.5625,0.8181818181818182,0.6666666666666666,0.8215909090909091,0.7368471385516838
xgboost,median,1,2,0.8225806451612904,0.7894736842105263,0.6818181818181818,0.7317073170731707,0.8602272727272728,0.7958876859553261
xgboost,median,1,3,0.7258064516129032,0.5757575757575758,0.8636363636363636,0.6909090909090909,0.8318181818181818,0.6732863148356433
xgboost,median,1,4,0.819672131147541,0.75,0.7142857142857143,0.7317073170731707,0.894047619047619,0.8155801265928768
xgboost,median,1,5,0.7868852459016393,0.7222222222222222,0.6190476190476191,0.6666666666666666,0.9142857142857143,0.840053629390884
xgboost,median,1,6,0.7377049180327869,0.5757575757575758,0.9047619047619048,0.7037037037037037,0.7904761904761904,0.6744262268614656
xgboost,median,1,7,0.639344262295082,0.4838709677419355,0.7142857142857143,0.5769230769230769,0.7666666666666666,0.6799815287125512
xgboost,median,1,8,0.8360655737704918,0.72,0.8571428571428571,0.782608695652174,0.8702380952380953,0.8403021458749391
xgboost,median,1,9,0.819672131147541,0.7083333333333334,0.8095238095238095,0.7555555555555555,0.9047619047619048,0.8778071425001253
xgboost,median,2,0,0.7096774193548387,0.5909090909090909,0.5909090909090909,0.5909090909090909,0.8318181818181818,0.7551040027208917
xgboost,median,2,1,0.8064516129032258,0.75,0.6818181818181818,0.7142857142857143,0.8409090909090909,0.762373544851441
xgboost,median,2,2,0.7096774193548387,0.5769230769230769,0.6818181818181818,0.625,0.8011363636363636,0.6668047996277058
xgboost,median,2,3,0.8225806451612904,0.6896551724137931,0.9090909090909091,0.7843137254901961,0.9056818181818183,0.8460944291802934
xgboost,median,2,4,0.7213114754098361,0.5666666666666667,0.8095238095238095,0.6666666666666666,0.8488095238095238,0.8071662326858373
xgboost,median,2,5,0.8032786885245902,0.6956521739130435,0.7619047619047619,0.7272727272727273,0.85,0.7873985989532211
xgboost,median,2,6,0.7704918032786885,0.6296296296296297,0.8095238095238095,0.7083333333333334,0.8535714285714285,0.7276499576743347
xgboost,median,2,7,0.7540983606557377,0.6153846153846154,0.7619047619047619,0.6808510638297872,0.8261904761904761,0.7703848562158131
xgboost,median,2,8,0.7540983606557377,0.6071428571428571,0.8095238095238095,0.6938775510204082,0.8595238095238096,0.6720647695916793
xgboost,median,2,9,0.6721311475409836,0.52,0.6190476190476191,0.5652173913043478,0.7821428571428571,0.6770742565223238
xgboost,median,3,0,0.7580645161290323,0.64,0.7272727272727273,0.6808510638297872,0.8636363636363636,0.8030188818844204
xgboost,median,3,1,0.8225806451612904,0.7037037037037037,0.8636363636363636,0.7755102040816326,0.8988636363636364,0.8816439872803965
xgboost,median,3,2,0.6935483870967742,0.5652173913043478,0.5909090909090909,0.5777777777777777,0.771590909090909,0.6682406512583514
xgboost,median,3,3,0.7580645161290323,0.6666666666666666,0.6363636363636364,0.6511627906976745,0.8352272727272727,0.7747372669696986
xgboost,median,3,4,0.819672131147541,0.6666666666666666,0.9523809523809523,0.7843137254901961,0.9178571428571429,0.8738817534716332
xgboost,median,3,5,0.7868852459016393,0.6428571428571429,0.8571428571428571,0.7346938775510204,0.8428571428571429,0.767016703758046
xgboost,median,3,6,0.7377049180327869,0.6,0.7142857142857143,0.6521739130434783,0.8214285714285714,0.6313397144083596
xgboost,median,3,7,0.7377049180327869,0.5862068965517241,0.8095238095238095,0.68,0.8273809523809523,0.7404627559389467
xgboost,median,3,8,0.8360655737704918,0.7037037037037037,0.9047619047619048,0.7916666666666666,0.8928571428571429,0.7934413316918494
xgboost,median,3,9,0.7377049180327869,0.5925925925925926,0.7619047619047619,0.6666666666666666,0.7619047619047619,0.5766485443431179
xgboost,median,4,0,0.7580645161290323,0.6296296296296297,0.7727272727272727,0.6938775510204082,0.8352272727272727,0.6942247123001656
xgboost,median,4,1,0.7741935483870968,0.6666666666666666,0.7272727272727273,0.6956521739130435,0.8920454545454545,0.8405719240067011
xgboost,median,4,2,0.5967741935483871,0.45454545454545453,0.6818181818181818,0.5454545454545454,0.7715909090909091,0.7426191966471913
xgboost,median,4,3,0.8548387096774194,0.8095238095238095,0.7727272727272727,0.7906976744186046,0.9329545454545454,0.8818970134143929
xgboost,median,4,4,0.8852459016393442,0.7692307692307693,0.9523809523809523,0.851063829787234,0.9297619047619047,0.8961506353833721
xgboost,median,4,5,0.8524590163934426,0.75,0.8571428571428571,0.8,0.8904761904761905,0.701193497926387
xgboost,median,4,6,0.7377049180327869,0.6190476190476191,0.6190476190476191,0.6190476190476191,0.7749999999999999,0.6752656725788084
xgboost,median,4,7,0.819672131147541,0.7272727272727273,0.7619047619047619,0.7441860465116279,0.888095238095238,0.7231162853410608
xgboost,median,4,8,0.7540983606557377,0.6363636363636364,0.6666666666666666,0.6511627906976745,0.8416666666666667,0.7771715204044236
xgboost,median,4,9,0.6557377049180327,0.5,0.6666666666666666,0.5714285714285714,0.7464285714285714,0.7068871205614677
xgboost,knn,0,0,0.7419354838709677,0.625,0.6818181818181818,0.6521739130434783,0.8454545454545455,0.7545719989285626
xgboost,knn,0,1,0.7903225806451613,0.6666666666666666,0.8181818181818182,0.7346938775510204,0.8761363636363637,0.7877677951643035
xgboost,knn,0,2,0.7580645161290323,0.6206896551724138,0.8181818181818182,0.7058823529411765,0.8727272727272727,0.7302755013422094
xgboost,knn,0,3,0.7580645161290323,0.6206896551724138,0.8181818181818182,0.7058823529411765,0.7625,0.5672854028406248
xgboost,knn,0,4,0.8032786885245902,0.68,0.8095238095238095,0.7391304347826086,0.9,0.8256748651700745
xgboost,knn,0,5,0.7540983606557377,0.6153846153846154,0.7619047619047619,0.6808510638297872,0.8273809523809523,0.7767113823558291
xgboost,knn,0,6,0.7049180327868853,0.56,0.6666666666666666,0.6086956521739131,0.8238095238095238,0.7693083237184364
xgboost,knn,0,7,0.7868852459016393,0.6666666666666666,0.7619047619047619,0.7111111111111111,0.8178571428571428,0.7180403609770758
xgboost,knn,0,8,0.8032786885245902,0.68,0.8095238095238095,0.7391304347826086,0.8952380952380952,0.7694688794601299
xgboost,knn,0,9,0.7049180327868853,0.56,0.6666666666666666,0.6086956521739131,0.7797619047619048,0.7056599162901651
xgboost,knn,1,0,0.7580645161290323,0.6521739130434783,0.6818181818181818,0.6666666666666666,0.8159090909090909,0.7247283942269346
xgboost,knn,1,1,0.7096774193548387,0.5625,0.8181818181818182,0.6666666666666666,0.8295454545454546,0.7619329373423429
xgboost,knn,1,2,0.8225806451612904,0.7894736842105263,0.6818181818181818,0.7317073170731707,0.8909090909090909,0.8160397824438963
xgboost,knn,1,3,0.6935483870967742,0.5454545454545454,0.8181818181818182,0.6545454545454545,0.8113636363636363,0.6435285532281766
xgboost,knn,1,4,0.819672131147541,0.7272727272727273,0.7619047619047619,0.7441860465116279,0.894047619047619,0.8243969546966379
xgboost,knn,1,5,0.8032786885245902,0.7647058823529411,0.6190476190476191,0.6842105263157895,0.9035714285714286,0.8271157714402455
xgboost,knn,1,6,0.6721311475409836,0.5151515151515151,0.8095238095238095,0.6296296296296297,0.7904761904761904,0.6629198524361677
xgboost,knn,1,7,0.6885245901639344,0.5294117647058824,0.8571428571428571,0.6545454545454545,0.7785714285714285,0.6869515497439849
xgboost,knn,1,8,0.819672131147541,0.7083333333333334,0.8095238095238095,0.7555555555555555,0.8559523809523809,0.8082615583416501
xgboost,knn,1,9,0.8688524590163934,0.76,0.9047619047619048,0.8260869565217391,0.930952380952381,0.8982317982514127
xgboost,knn,2,0,0.6774193548387096,0.5416666666666666,0.5909090909090909,0.5652173913043478,0.8181818181818182,0.727404991109186
xgboost,knn,2,1,0.8064516129032258,0.75,0.6818181818181818,0.7142857142857143,0.8647727272727272,0.806658641648023
xgboost,knn,2,2,0.7419354838709677,0.6153846153846154,0.7272727272727273,0.6666666666666666,0.7840909090909091,0.6569018093190974
xgboost,knn,2,3,0.7903225806451613,0.6551724137931034,0.8636363636363636,0.7450980392156863,0.8954545454545454,0.8348257903259988
xgboost,knn,2,4,0.7377049180327869,0.5862068965517241,0.8095238095238095,0.68,0.8654761904761905,0.8180413601155123
xgboost,knn,2,5,0.8032786885245902,0.6956521739130435,0.7619047619047619,0.7272727272727273,0.8357142857142857,0.7716141015018003
xgboost,knn,2,6,0.7868852459016393,0.6428571428571429,0.8571428571428571,0.7346938775510204,0.8571428571428572,0.7330307165398926
xgboost,knn,2,7,0.7540983606557377,0.6071428571428571,0.8095238095238095,0.6938775510204082,0.8285714285714285,0.7726623692551444
xgboost,knn,2,8,0.7704918032786885,0.6206896551724138,0.8571428571428571,0.72,0.8511904761904762,0.651487549981507
xgboost,knn,2,9,0.6885245901639344,0.5416666666666666,0.6190476190476191,0.5777777777777777,0.780952380952381,0.6846986053689716
xgboost,knn,3,0,0.7580645161290323,0.64,0.7272727272727273,0.6808510638297872,0.8681818181818182,0.806899253846928
xgboost,knn,3,1,0.8225806451612904,0.7037037037037037,0.8636363636363636,0.7755102040816326,0.8999999999999999,0.863272303266674
xgboost,knn,3,2,0.6935483870967742,0.5652173913043478,0.5909090909090909,0.5777777777777777,0.7840909090909091,0.6629780182953375
xgboost,knn,3,3,0.7419354838709677,0.6363636363636364,0.6363636363636364,0.6363636363636364,0.834090909090909,0.7677573180320567
xgboost,knn,3,4,0.8032786885245902,0.6666666666666666,0.8571428571428571,0.75,0.8952380952380952,0.8625981674721173
xgboost,knn,3,5,0.7704918032786885,0.6296296296296297,0.8095238095238095,0.7083333333333334,0.8321428571428571,0.7392614650946725
xgboost,knn,3,6,0.7377049180327869,0.6,0.7142857142857143,0.6521739130434783,0.8214285714285715,0.6358578687691913
xgboost,knn,3,7,0.7704918032786885,0.6206896551724138,0.8571428571428571,0.72,0.8273809523809524,0.7511655009557348
xgboost,knn,3,8,0.8524590163934426,0.7142857142857143,0.9523809523809523,0.8163265306122449,0.8976190476190475,0.8067375849588736
xgboost,knn,3,9,0.7377049180327869,0.5925925925925926,0.7619047619047619,0.6666666666666666,0.7678571428571428,0.5630720423398274
xgboost,knn,4,0,0.7903225806451613,0.6666666666666666,0.8181818181818182,0.7346938775510204,0.8443181818181819,0.7092502941780036
xgboost,knn,4,1,0.7419354838709677,0.6153846153846154,0.7272727272727273,0.6666666666666666,0.875,0.8233002070811737
xgboost,knn,4,2,0.6129032258064516,0.46875,0.6818181818181818,0.5555555555555556,0.7784090909090909,0.736685859213041
xgboost,knn,4,3,0.8870967741935484,0.8260869565217391,0.8636363636363636,0.8444444444444444,0.9340909090909091,0.8715169319922345
xgboost,knn,4,4,0.8360655737704918,0.72,0.8571428571428571,0.782608695652174,0.9214285714285714,0.8838222681390384
xgboost,knn,4,5,0.8360655737704918,0.72,0.8571428571428571,0.782608695652174,0.8916666666666667,0.7026343800585672
xgboost,knn,4,6,0.7377049180327869,0.6086956521739131,0.6666666666666666,0.6363636363636364,0.7904761904761906,0.7342014055869077
xgboost,knn,4,7,0.8360655737704918,0.7391304347826086,0.8095238095238095,0.7727272727272727,0.9,0.7297955738655875
xgboost,knn,4,8,0.7704918032786885,0.64,0.7619047619047619,0.6956521739130435,0.844047619047619,0.7725468175258094
xgboost,knn,4,9,0.6557377049180327,0.5,0.7142857142857143,0.5882352941176471,0.7511904761904763,0.7064943221347164
xgboost,iterative,0,0,0.7580645161290323,0.64,0.7272727272727273,0.6808510638297872,0.8431818181818183,0.7457350587894469
xgboost,iterative,0,1,0.7580645161290323,0.6206896551724138,0.8181818181818182,0.7058823529411765,0.8590909090909091,0.7565917990271713
xgboost,iterative,0,2,0.7903225806451613,0.6551724137931034,0.8636363636363636,0.7450980392156863,0.8795454545454545,0.7358935710492048
xgboost,iterative,0,3,0.7419354838709677,0.6071428571428571,0.7727272727272727,0.68,0.7693181818181818,0.5795602385738089
xgboost,iterative,0,4,0.8360655737704918,0.7391304347826086,0.8095238095238095,0.7727272727272727,0.905952380952381,0.8297418995151538
xgboost,iterative,0,5,0.7868852459016393,0.6538461538461539,0.8095238095238095,0.723404255319149,0.8333333333333333,0.7901340807867732
xgboost,iterative,0,6,0.7704918032786885,0.6206896551724138,0.8571428571428571,0.72,0.8273809523809523,0.7730371862734255
xgboost,iterative,0,7,0.8032786885245902,0.68,0.8095238095238095,0.7391304347826086,0.8357142857142857,0.7577639402296155
xgboost,iterative,0,8,0.8032786885245902,0.68,0.8095238095238095,0.7391304347826086,0.8809523809523809,0.789215771447429
xgboost,iterative,0,9,0.7049180327868853,0.56,0.6666666666666666,0.6086956521739131,0.7833333333333333,0.7212611895899035
xgboost,iterative,1,0,0.7580645161290323,0.6521739130434783,0.6818181818181818,0.6666666666666666,0.8136363636363637,0.706141150124249
xgboost,iterative,1,1,0.7096774193548387,0.5625,0.8181818181818182,0.6666666666666666,0.834090909090909,0.7569560368022508
xgboost,iterative,1,2,0.8064516129032258,0.75,0.6818181818181818,0.7142857142857143,0.8829545454545454,0.8037512294521403
xgboost,iterative,1,3,0.6935483870967742,0.5428571428571428,0.8636363636363636,0.6666666666666666,0.8227272727272728,0.6649554978907328
xgboost,iterative,1,4,0.8032786885245902,0.6956521739130435,0.7619047619047619,0.7272727272727273,0.8964285714285714,0.8231676288067267
xgboost,iterative,1,5,0.8360655737704918,0.8235294117647058,0.6666666666666666,0.7368421052631579,0.9107142857142858,0.8484335388625728
xgboost,iterative,1,6,0.6721311475409836,0.5142857142857142,0.8571428571428571,0.6428571428571429,0.7797619047619048,0.6528671340843075
xgboost,iterative,1,7,0.6721311475409836,0.5151515151515151,0.8095238095238095,0.6296296296296297,0.7749999999999999,0.6829294382127735
xgboost,iterative,1,8,0.8360655737704918,0.7391304347826086,0.8095238095238095,0.7727272727272727,0.8726190476190476,0.8358377668538333
xgboost,iterative,1,9,0.8360655737704918,0.7391304347826086,0.8095238095238095,0.7727272727272727,0.8964285714285714,0.873732960181262
xgboost,iterative,2,0,0.7258064516129032,0.6,0.6818181818181818,0.6382978723404256,0.8318181818181818,0.7549952695059547
xgboost,iterative,2,1,0.8064516129032258,0.75,0.6818181818181818,0.7142857142857143,0.8545454545454546,0.794297194518611
xgboost,iterative,2,2,0.7096774193548387,0.5714285714285714,0.7272727272727273,0.64,0.7977272727272727,0.6676221954478186
xgboost,iterative,2,3,0.8064516129032258,0.6666666666666666,0.9090909090909091,0.7692307692307693,0.8943181818181818,0.8263092194820945
xgboost,iterative,2,4,0.7049180327868853,0.5517241379310345,0.7619047619047619,0.64,0.8380952380952381,0.7831148389387785
xgboost,iterative,2,5,0.819672131147541,0.7272727272727273,0.7619047619047619,0.7441860465116279,0.8452380952380952,0.7701508665882837
xgboost,iterative,2,6,0.7868852459016393,0.6333333333333333,0.9047619047619048,0.7450980392156863,0.8488095238095238,0.7058664290816596
xgboost,iterative,2,7,0.7377049180327869,0.5862068965517241,0.8095238095238095,0.68,0.8428571428571429,0.7813833891156232
xgboost,iterative,2,8,0.8032786885245902,0.6451612903225806,0.9523809523809523,0.7692307692307693,0.8642857142857143,0.6690548337169727
xgboost,iterative,2,9,0.7049180327868853,0.56,0.6666666666666666,0.6086956521739131,0.7928571428571428,0.6864813936462673
xgboost,iterative,3,0,0.7741935483870968,0.6666666666666666,0.7272727272727273,0.6956521739130435,0.8590909090909091,0.8179151263765112
xgboost,iterative,3,1,0.7903225806451613,0.6551724137931034,0.8636363636363636,0.7450980392156863,0.9022727272727272,0.8876926350265106
xgboost,iterative,3,2,0.7096774193548387,0.5833333333333334,0.6363636363636364,0.6086956521739131,0.7761363636363636,0.6326479284233294
xgboost,iterative,3,3,0.7419354838709677,0.65,0.5909090909090909,0.6190476190476191,0.8386363636363636,0.7792292932335085
xgboost,iterative,3,4,0.819672131147541,0.6666666666666666,0.9523809523809523,0.7843137254901961,0.9166666666666667,0.8735814236615154
xgboost,iterative,3,5,0.7868852459016393,0.6428571428571429,0.8571428571428571,0.7346938775510204,0.8309523809523809,0.7417832570195453
xgboost,iterative,3,6,0.7704918032786885,0.64,0.7619047619047619,0.6956521739130435,0.8452380952380952,0.6579559873364756
xgboost,iterative,3,7,0.7540983606557377,0.6,0.8571428571428571,0.7058823529411765,0.8226190476190476,0.7480216906288462
xgboost,iterative,3,8,0.8360655737704918,0.7037037037037037,0.9047619047619048,0.7916666666666666,0.8999999999999999,0.8170945360528579
xgboost,iterative,3,9,0.7704918032786885,0.64,0.7619047619047619,0.6956521739130435,0.7726190476190475,0.5859218588957515
xgboost,iterative,4,0,0.7580645161290323,0.6206896551724138,0.8181818181818182,0.7058823529411765,0.8329545454545455,0.6931907020826059
xgboost,iterative,4,1,0.7580645161290323,0.64,0.7272727272727273,0.6808510638297872,0.890909090909091,0.8306580081089214
xgboost,iterative,4,2,0.5967741935483871,0.45714285714285713,0.7272727272727273,0.5614035087719298,0.7556818181818181,0.7193934641245259
xgboost,iterative,4,3,0.8064516129032258,0.6923076923076923,0.8181818181818182,0.75,0.9318181818181819,0.8736776080165467
xgboost,iterative,4,4,0.8688524590163934,0.76,0.9047619047619048,0.8260869565217391,0.9238095238095237,0.8936177073185292
xgboost,iterative,4,5,0.8360655737704918,0.72,0.8571428571428571,0.782608695652174,0.886904761904762,0.692860640566919
xgboost,iterative,4,6,0.7540983606557377,0.6363636363636364,0.6666666666666666,0.6511627906976745,0.7988095238095239,0.7238063567119903
xgboost,iterative,4,7,0.819672131147541,0.7272727272727273,0.7619047619047619,0.7441860465116279,0.8761904761904762,0.7017670601578021
xgboost,iterative,4,8,0.7704918032786885,0.64,0.7619047619047619,0.6956521739130435,0.855952380952381,0.7878490413327508
xgboost,iterative,4,9,0.6885245901639344,0.5357142857142857,0.7142857142857143,0.6122448979591837,0.7488095238095238,0.705529566503579
